目前情况：本科中上985，直博top2集成电路即将毕业，想进北上广深成211高校找教职。目前领域内顶会顶刊各一篇，小论文2篇求问：如果博士毕业进上述高校有没有机会？如果留学博后2年，机会是不是大很多？害怕越来越卷。谢谢大佬们提提建议,这么牛批，不然从政，比去高校牛皮,好学校现在基本都是非升即走,随便进去读博后，至于留学出了成果才能卷回来，否则不如直接就业,现在高校确实卷的太厉害，如果有强大的导师团，那去高校也挺好，不然其,建议中微电子上市公司，目前,去211应该可以，但是有些去了要做师资博士后或预聘助理教授吧。比如北工大，没有留学经历和博后经历去了都是先从师资博士后开始
"【学校简介】香港中文大学（深圳）2014年设立至今，传承香港中文大学的办学理念和学术体系，对标香港及国际科研标准，开设理科、工科、医科、经济管理类和人文社科类等专业，引进包括多位诺贝尔奖获得者和院士在内的世界一流大学知名学者。香港中文大学（深圳）硕士、博士学位教育将依据香港中文大学相关课程框架，采用严格的招生制度及学术标准，由香港中文大学教务会审批并监督。学校英文为主要教学语言。学校已入选高水平建设大学。由于师资优秀、硬件齐全，不出国境又在深圳国际大都市内享受同等教育并获同等香港中文大学学位，本科招生目前深受国内外学生欢迎，录取分数为985高校中上水准，在广东录取分数多年排名第一。【导师简介】李丛磊教授，博士研究生导师，独立课题组负责人（pi）。李丛磊教授博士毕业于加拿大多伦多大学实验医学与病理专业系，曾在多伦多大学免疫系从事9年博士后及副研究员工作，期间获授加拿大健康研究院（cihr）博士后研究基金的资助。2021年底加入香港中文大学（深圳）医学院担任助理教授 (tenure-track assistant professor)。李丛磊教授多次受邀在国际学术会议（如国际免疫学大会）做口头报告，曾获得加拿大名校达尔豪斯大学（dalhousie university）的助理教授（tier 2 canada research chair）职位、以及加拿大国家科学研究中心（institut national de la recherché scientifique）助理教授职位（均已婉拒）。通过运用CRISPR、多种基因敲除小鼠、肠道病毒感染小鼠模型等实验手段，李丛磊教授的主要研究方向：1) b淋巴细胞对肠道微生物组及轮状病毒产生iga抗体的机制；2）肠道基质细胞微环境对免疫细胞功能的调控。李丛磊教授已以第一作者或通讯作者在国际高水平期刊nature (2021), frontiers in immunology (2020), science immunology (2019), nature communications (2018), cell reports (2016), journal of clinical investigation (2012), blood (2010) 等发表论文多篇, 并担任frontiers in immunology的review editor。详细信息见网页：本课题组面向全国招收博士研究生（直博、有意读博的硕士研究生），欢迎有意报考香港中文大学（深圳）的同学发邮件咨询。全年接受申请，秋季入学季通常是在八月，春季入学季通常是一月。申请者最迟须在开学一个月以前提交线上申请（注意：申请2022年1月份入学的同学，需在2021年11月20日之前递交申请）。【招生类型】研究型博士招生（申请制，无需考试）【学制以及何种专业】（颁发香港中文大学学位，教育部认证）ph.d.：生物科学，学制4-5年更多详细信息见：【学费和奖学金】请见网页：【招生要求】（1）博士申请：毕业于认可的大学（如国内的985，211类大学）；若为境外高校毕业，需是境外知名高校学生；（2）申请人需是生命科学或医学相关专业学生；实验能力强者优先；（3）成绩要求gpa 3.2/4.0以上（或平均分85分以上）；（4）境内学位需提供英文水平证明（托福：网考不低于79分，笔试不低于550分；雅思：平均分不低于6.5分）；境外英语教学国家学位免英文成绩。更多详细信息见：【申请程序】将以下材料发送至邮箱：，邮件标题注明：博士申请+本人姓名（1）中英文简历（包含年级/专业排名）；（2）本科（及硕士成绩单）；（3）如有文章发表，请附上文章pdf文件。导师确认后，在官网上申请:(标注导师姓名)。【常见问题】（1）学位：香港中文大学学位（2）学校同香港中文大学的关系：标准相同，校区独立，不相互隶属；招生独立，教学独立，但教学水准由香港中文大学教务会审批并监督；（3）学制：4-5年；同专业硕士学位入学后4年；本科学位入学后5年；（4）毕业标准：标准由港中文校务委员会审批并监督，同香港持平；（5）英文成绩在截止日期前还未出来怎么办？申请时如未获得符合要求的英语成绩可暂缓提交，在入学前提交即可。获境外高校学位、授课语言为英语的学生，可免英文成绩。"
"拟招聘博后2名，具体条件如下：1. 背景要求：钙钛矿太阳电池背景，需要至少两篇15分以上代表作，具有钙钛矿基叠层电池（钙钛矿/晶硅叠层电池，或钙钛矿/钙钛矿叠层电池等），大面积钙钛矿电池背景的优先考虑。2. 师资博士后待遇：1)基础年薪20万元（包含五险一金）。若有一篇南开校内认定顶刊，年薪可达25万元。天津市政府一次性发放5万元安家费，出站后留津工作另外给予20万元人才补贴。可以申请博新计划，年薪可达40-45万元。津南校区每天交通补贴50元，这属于额外工资。2)子女入学（小学）、入托等享受学校事业编制教师待遇。3)若申请人为近3年内获得博士学位的外籍或留学回国博士，毕业学校为世界排名前100名的高校，或者其博士学位所属学科排名全球前100名（以当年度最新上海软科世界大学学术排名Academic Ranking of World Universities、泰晤士高等教育世界大学排名Times Higher Education World University Ranking、QS世界大学排名QS World University Rankings、U.S.News世界大学排名U.S.News& World Report为参考）。可协助申请博士后国际交流计划引进项目，包含南开大学配套基金一共可达40-45万元年薪！！课题组将全力配合协助申请。4)博士后入站根据个人意愿可签约2年，达到学校要求可在第二聘期申请留校任教，直聘副教授。5)考虑到天津消费极低，30平方博后公寓是酒店标准构造，设独立卫生间（房租600元每月）；校外房租1200元/120平方米，或海教园内房价2万/平米；津南校区食堂用餐消费月均1000左右。又临近北京，各种资源都比较丰富。感兴趣的同学请发简历给李老师 lyl@nankai.edu.cn，同时感谢各位大牛推荐优秀弟子。李跃龙，南开大学电子信息与光学工程学院副教授，博士生导师。曾入选天津市高层次海外青年人才项目，欧盟玛丽居里学者，担任国家重点研发计划课题负责人，国家自然科学基金函评专家。2012年3月获得韩国科学技术研究院博士学位（KIST/UST），师从Nam-Gyu Park教授（全固态钙钛矿太阳电池发明人）和Min-Jae Ko教授（柔性太阳电池领域权威专家），之后在美国加州大学-圣迭戈分校（UCSD）和西班牙国家研究院（CSIC）从事博士后研究，并先后在英国牛津大学克拉伦登实验室（2015）和剑桥大学卡文迪许实验室（2018）作访问研究。2016年10月，加入南开大学电子信息与光学工程学院。目前主持国家重点研发计划项目课题，欧盟“地平线2020”项目，国家自然科学基金面上项目等国家或省部级科研项目6项。主要从事纳米光电材料与器件领域研究，目前专注于钙钛矿太阳电池，钙钛矿/晶硅两端叠层电池，钙钛矿单晶材料与器件，柔性能源电子等方向研究。在Energy & Environmental Science，Nature Communications，Nano Letters，Nano Energy，Advanced Functional Materials等期刊发表学术论文60多篇；已授权美国、韩国、PCT专利、中国等发明专利6项，申请中国发明专利18项。主页链接：https://www.x-mol.com/groups/nku_feel代表作：Yuelong Li, Doh-Kwon Lee, Jin Young Kim, BonSoo Kim, Nam-Gyu Park, Kyungkon Kim, Joong-Ho Shin, In-Suk Choi, Min Jae Ko,* Highly durable and flexible dye-sensitized solar cells fabricated on plastic substrates: PVDF-nanofiber-reinforced TiO2 photoelectrodes, Energy & Environmental Science, 5, 8950-8957, 2012 (back cover image)Yuelong Li#, Sol Carretero-Palacios#, Kicheon Yoo#, Jong Hak Kim, Alberto Jiménez-Solano, Chul-Ho Lee, Hernán Míguez,* Min Jae Ko,* Maximized performance of dye solar cells on plastic: a combined theoretical and experimental optimization approach, Energy & Environmental Science, 9, 2061-2071, 2016.Haining Zheng#, Songjun Hou#, Chenguang Xin#, Qingqing Wu, Feng Jiang, Zhibing Tan, Xin Zhou, Wenxiang He, Qingmin Li, Jueting Zheng, Longyi Zhang, Junyang Liu, Yang Yang, Jia Shi, Xiaodan Zhang, Ying Zhao, Yuelong Li*, Colin Lambert*, Wenjing Hong*, Room-temperature Quantum Interference in Single Perovskite Quantum Dot Junctions, Nature Communications, 10, 5458, 2019.Zhibin Zhao#, Wenduo Wang#, Xin Zhou, Lifa Ni, Keehoon Kang, Takhee Lee, Hong Han, Hongrui Yuan, Chenyang Guo, Maoning Wang, Min Jae Ko, Yuelong Li*, Dong Xiang*, Crystal Size Effect on Carrier Transport of Microscale Perovskite Junctions via Soft Contact, Nano Letters, 20, 8640-8646, 2020.Jiangdong Gong#, Haiyang Yu#, Xin Zhou#, Huanhuan Wei, Mingxue Ma, Hong Han, Shuo Zhang, Yao Ni, Yuelong Li*, Wentao Xu*, Lateral artificial synapses on hybrid perovskite platelets with modulated neuroplasticity, Advanced Functional Materials, 2005413, 2020.Yameng Li, Haixia Wu*, Wenjing Qi, Xin Zhou, Jiale Li, Jian Cheng, Ying Zhao, Yuelong Li*, Xiaodan Zhang, Passivation of defects in perovskite solar cell: from a chemistry point of view, Nano Energy, 77, 105237, 2020.Chenguang Xin, Xin Zhou, Fuhua Hou, Yawen Du, Wei Huang, Biao Shi, Changchun Wei, Yi Ding, Guangcai Wang, Guofu Hou, Ying Zhao, Yuelong Li*, Xiaodan Zhang* Scalable and Efficient Perovskite Solar Cells Prepared by the Grooved Roller Coating, Journal of Materials Chemistry A, 7, 1870, 2019.研究方向如下，有兴趣或研究基础的同学也可以报考硕士/博士研究生：1、柔性钙钛矿太阳电池（超薄，超柔，超高效）2、钙钛矿单晶制备及机理研究（多维度，多应用）3、大面积钙钛矿太阳电池（刚性，柔性；单结，叠层）4、钙钛矿/晶硅叠层电池（两端，四端，大面积，稳定性）5、太阳电池陷光结构与机理（如光子晶体，微纳织构，仿生结构等）"
"南开大学马儒军团队长期招收硕士、博士、师资博士后（长期有效）!马儒军教授，博士生导师二级单位 ：碳纳米科技及高分子复合材料研究中心电子邮箱 ：办公地点 ：材料楼B453室通讯地址 ：天津市海河教育园区同砚路38号南开大学材料科学与工程学院网址 ：课题组现有成员：博士后3人，博士5人，硕士7人，本科生数名。师资博士后待遇：1.    基础年薪20万元（包含五险一金）。（津南校区每天刷卡还可以给50元补贴，这属于额外工资）若有一篇南开校内认定顶刊，年薪可达25万元。2.    天津市政府一次性发放5万元安家费，出站后留津工作另外给予20万元人才补贴。3.    可以申请博新计划，年薪可达40-45万元。4.    若申请人为近3年内获得博士学位的外籍或留学回国博士，毕业学校为世界排名前100名的高校，或者其博士学位所属学科排名全球前100名（以当年度最新上海软科世界大学学术排名Academic Ranking of World Universities、泰晤士高等教育世界大学排名Times Higher Education World University Ranking、QS世界大学排名QS World University Rankings、U.S.News世界大学排名U.S.News& World Report为参考）。可协助申请博士后国际交流计划引进项目，包含南开大学配套基金一共可达40-45万元年薪！！课题组已经有在站博士后成功申请，可全力配合协助申请。5.    博士后入站根据个人意愿可签约2-3年，达到学校要求可在第二聘期申请留校任教，直聘副教授。6.    考虑到天津消费极低，30平方博后公寓是酒店标准构造，设独立卫生间，（房租600元每月），个人食堂用餐消费月均1000左右。又临近首都，各种资源都比较丰富。个人简历2013年2月博士毕业于韩国成均馆大学纳米科技学院（导师：Seunghyun Baik教授），随后在该校能源科学学院与基础科学研究院从事博士后研究员的工作，并于2015年4月加入美国加州大学洛杉矶分校（UCLA）Qibing Pei教授课题组继续从事博士后研究员的工作。2018年9月加入南开大学材料科学与工程学院（教授、博导）。近年来以通讯或第一作者在Science, Chemical Society Reviews, Advanced Materials, Nano Letters与ACS nano等国际著名期刊发表论文十余篇；授权美国与韩国专利5项，申请国际专利2项、中国专利5项。科技部国家重点研发计划“变革性技术”重点专项课题负责人；主持国家自然科学基金国际交流项目与面上项目各1项。国家级青年人才项目（2020）天津市青年人才项目（2018）南开大学“百青”（2018）研究方向本课题组主要从事能源器件、传感器及高性能功能性复合材料的制备与应用等方面的研究。具体研究方向包括：1.柔性主动/被动制冷材料的研制及其器件的制备2.高性能柔性导热复合材料的设计与研制3.多功能柔性热电材料与器件的设计与研制4.可拉伸导电纤维的合成及应用5.双稳态记忆性复合材料的研制与应用6.柔性能源转换材料与器件的研制与应用代表性成果1)    Rujun Ma, Ziyang Zhang, Kwing Tong, David Huber, Roy Kornbluh, Yongho Sungtaek Ju and Qibing Pei*, “Highly Efficient Electrocaloric Cooling with Electrostatic Actuation”, Science, 357, 1130C1134 (2017)2)    Rujun Ma*, Shu-Yu Chou, Yu Xie and Qibing Pei*, “Morphological/Nanostructural Controls Toward Intrinsically Stretchable Organic Electronics”, Chemical Society Reviews, 48, 1741-1786 (2019)3)    Rujun Ma, Mini Mol Menamparambath, Qing Pavel Nikolaev, and Seunghyun Baik*, “Transparent Stretchable Single-walled Carbon Nanotube-polymer Composite Films with Near-infrared Fluorescence”, Advanced Materials, 25, 2548-2553 (2013)4)    Rujun Ma, Seoyoung Kwon, Qing Zheng, HyeokYong Kwon, Jae Il Kim, Hyouk Ryeol Choi, and Seunghyun Baik*, “Carbon-nanotube/silver Networks in Nitrile Butadiene Rubber for Highly Conductive Flexible Adhesives”, Advanced Materials, 24, 3344-3349 (2012)5)    Yiwen Bo, Quan Zhang, Heng Cui, Mengyan Wang, Chunyang Zhang, Wen He, Xiangqian Fan, Yiwen Lv, Xiang Fu, Jiajie Liang, Yi Huang, Rujun Ma*, and Yongsheng Chen, ""Electrostatic Actuating Double-Unit Electrocaloric Cooling Device with High Efficiency"", Advanced Energy Materials, 2003771 (2021)6)    Chunyang Zhang, Quan Zhang, Ding Zhang, Mengyan Wang, Yiwen Bo, Xiangqian Fan, Fengchao Li, Jiajie Liang, Yi Huang, Rujun Ma*, Yongsheng Chen, “Highly Stretchable Carbon Nanotubes/Polymer Thermoelectric Fibers”, Nano LettersDOI: 10.1021/acs.nanolett.0c04252 (2021)7)    Rujun Ma, Jiyong Lee, Dongmin Choi, Hyungpil Moon, and Seunghyun Baik*, “Knitted Fabrics Made from Highly Conductive Stretchable Fibers”, Nano Letters, 14, 1944-1951 (2014)8)    Rujun Ma, Byeongguk Kang, Suik Cho, Minjun Choi, and Seunghyun Baik*, “Extraordinary High Conductivity and Strength of Stretchable Fibers of Polyurethane and Silver Nanoflowers”, ACS Nano, 9, 10876-10886 (2015)9)    Wen He, Xiang Fu, Ding Zhang, Quan Zhang, Kai Zhuo, Zhongyun Yuan, and Rujun Ma*, ""Recent progress of flexible/wearable self-charging power units based on triboelectric nanogenerators"", Nano Energy, 84, 105880 (2021)10)    Wen He, Minkyun Sohn, Rujun Ma*, Dae Joon Kang*, “Flexible single-electrode triboelectric nanogenerators with MXene/PDMS composite film for biomechanical motion sensors”, Nano Energy, 78, 105083 (2020)",硕士做进红外荧光粉，两篇sci已录用，一区二区各一篇，还有两篇,老师好，计算的招么？,老师好，有机合成的招吗
"江西理工大学马胜灿教授磁相变材料与磁电效应学科团队2022年博/硕士研究生招生一、团队简介：磁相变材料与磁电效应学科团队组建于2017年，依托于江西省稀土磁性材料及器件重点实验室和赣州市稀土磁性功能材料与物理重点实验室，成员均毕业于国内外著名高校或科研院所，均取得博士学位，主要从事稀土磁性材料及其物理性质研究。团队成员迄今已经主持各类国家及省部级项目10余项，发表SCI论文70余篇。团队重视学生能力培养，培养出一大批优秀博士/硕士研究生，研究生获得各类国家级、省级及校级奖励，包括全国冶金、材料院校研究生学术论坛特等奖、江西省高校十佳“最美大学生”、研究生国家奖学金、研究生省政府奖学金、中国稀土年会研究生优秀墙报奖、江西省优秀硕士学位论文、江西省研究生创新专项资金项目、江西理工大学优秀硕士和博士学位论文、江西理工大学优秀毕业生等。二、团队成员简介：马胜灿，南京大学物理学博士，江西理工大学教授/博士生导师，江西省主要学科学术和技术带头人培养计划――领军人才，江西省稀土磁性材料及器件重点实验室副主任，赣州市稀土磁性功能材料与物理重点实验室主任，磁相变材料与磁电效应方向学术带头人/团队负责人，江西理工大学优秀共产党员，2020年度赣州市科研工作先进个人。2011年6月到南昌航空大学材料与工程学院工作，创建磁性材料与器件实验室；2013年9月至2014年8月到台湾国立中正大学物理系做博士后研究，2014年12月晋升副教授职称，并被评聘为硕士研究生导师，2016年9月进入江西理工大学工作，2017年1月被评聘为博士研究生导师，2017年12月破格晋升教授，同年入选赣州市科技创新人才计划和江西理工大学清江学者青年拔尖人才计划。2017年组建磁相变材料与磁电效应学科团队。目前是国家教育部霍英东教育基金会高等院校青年科学奖及教育教学奖评审专家，科技部外国专家项目通讯评审专家、教育部学位中心博/硕学位论文评审专家，中国、智利和捷克国家自然科学基金函评专家，江西省科技奖励会评专家，江西省高新技术企业认定评审专家，江西理工大学第十二届学术委员会/理工一部专委会委员/稀土学科第一届学术委员会委员。《粉末冶金材料科学与工程》期刊编委，J. Mater. Sci. Tech.、Mater. & Design、J. Rare Earth、Appl. Phys. Lett.、J. Mater. Chem. C、J. Alloy. Compd.等国际权威SCI期刊审稿专家。以第一作者或通讯作者在Acta Mater.、J. Mater. Sci. Technol.、Inorg. Chem.、Appl. Phys. Lett.、Scripta Mater.、J. Alloy. Compd.等国际TOP期刊上发表SCI论文60余篇，授权国家发明专利10件。20余次受邀参加国际国内重要学术会议并做特邀报告；主持了国家自然科学基金、江西省重大科技研发专项、江西省自然科学基金重点项目及各级各类国家及省部级项目10余项，经费充足！陈长材：男，1991年生，理学博士（南京大学），讲师，硕士生导师。2017年6月进入江西理工大学工程研究院稀土磁性材料与器件研究所工作。2012年7月本科毕业于江西师范大学物理学专业。2017年6博士毕业于南京大学物理学院物理学专业。博士期间主要从事ABO3钙钛矿结构的稀土铁氧化物中相变与微结构弛豫行为的研究工作。目前已主持省级科研项目3项，曾参与了973、国家自然科学基金面上项目和中央高校基金等项目的研究工作，Appl. Phys. Lett.、J. Alloy. Compd.、J. Magn. Magn. Mater.等高质量国际期刊上发表学术论文10余篇。目前主要从事的研究方向是钙钛矿型稀土过渡金属氧化物的相变和强磁电耦合多铁性材料的研究。罗小华：1988年生，工学博士（中国科学院大学），讲师，硕士生导师。2007年9月至2011年6月就读于华中科技大学材料成型及控制工程专业，获得工学学士学位；2011年9月至2018年1月于中国科学院金属研究所沈阳材料科学国家（联合）实验室硕博连读，获得工学博士学位。主要从事稀土磁性材料的晶体生长以及其磁功能性质（磁热效应、磁电阻、反常霍尔效应等）开发研究。目前已主持国家自然科学基金1项，省部级科研项目2项，在J. Mater. Sci. Tech.、J. Alloy. Compd.、Intermetallics、J. Magn. Magn. Mater.、Phys. Rev. B等国际期刊上发表10余篇SCI论文。方春生：1987年生，理学博士（澳大利亚Wollongong大学），讲师。2006年9月至2010年7月就读于南昌大学，获得理学学士学位；2011年9月至2014年7月于上海大学，获得理学硕士学位；2014年9月至2018年7月于澳大利亚Wollongong大学，获得理学博士学位。主要从事材料相变的中子、同步辐射衍射研究，包括稀土磁性材料、磁制冷材料、量子阻挫材料等。目前已主持省部级科研项目1项，在Phys. Rev. B、Scientific Reports.、J. Alloy. Compd.、Appl. Phys. Lett.、Int. J.?Energy?Res.等国际期刊上发表10余篇SCI论文。三、学生培养：团队已经培养出一大批优秀博士/硕士研究生，包括江西省高校十佳“最美大学生”（2019年）、两次研究生国家奖学金（2016和2019年）获得者刘凯；研究生省政府奖学金获得者葛青（2018年）和杨胜（2019年）；江西省优秀硕士学位论文获得者侯东（2016年）和葛青（2020年）；江西省研究生创新专项资金项目获得资助者硕士生侯东（2013年）、张林（2015年）、赵轩为（2019年）；江西理工大学优秀硕、博士学位论文获得者硕士生葛青（2018年）、杨胜（2019年）、刘凯（2020年）、宋颖（2020年）、张智硕（2020年）、曾海（2021年）、赵轩为（2021年）、张玉希（2021年）；江西理工大学优秀毕业生获得者硕士生葛青（2018年）、刘凯（2020年）、宋颖（2020年）、张智硕（2020年）等。学生毕业后都找到理想工作，部分硕士进入国内名校继续攻读博士学位。四、优秀学生代表：1. 刘凯（2017届硕士毕业生和2020届博士毕业生），江西省高校十佳“最美大学生”，两次国家奖学金（2016和2019年度）、江西理工大学三好博士研究生、优秀博士学位论文和优秀毕业生、2017 年湖南省第十届研究生创新论坛‘先进材料及制备’分论坛一等奖获得者。跟着马老师硕、博六年，优秀毕业，硕博期间主要从事磁性相变合金块体、薄膜、带材相变调控及相关物理效应研究工作，在J. Mater. Sci. Tech.（SCI一区TOP期刊，IF = 6.155）、Appl. Phys. Lett. （SCI二区TOP期刊，IF = 3.597）、J. Alloy. Compd. （SCI二区TOP期刊，IF = 4.65）、Intermetallics（SCI二区期刊，IF = 3.398）等国内外期刊上发表8篇SCI论文，授权2件国家发明专利。2. 葛青（2018届硕士毕业生），全国冶金院校2017年研究生学术论坛特等奖（全国仅3名）、江西省研究生创新创业优秀成果一等奖、研究生江西省奖学金（2018年度）、江西理工大学优秀硕士学位论文和优秀毕业生等奖项的获得者。跟着马老师硕士三年，优秀毕业，硕士期间主要从事MnCoGe磁性相变合金磁场驱动相变及相关物理效应研究工作，在Appl. Phys. Lett. （SCI二区TOP期刊，IF = 3.597）、J. Alloy. Compd. （SCI二区TOP期刊，IF = 4.65）、中国材料进展等国内外期刊上发表5篇SCI论文，授权2件国家发明专利。3. 张智硕（2020届硕士毕业生），在材料类顶尖期刊Acta Mater.（SCI一区TOP期刊收录论文，IF = 7.656）上发表论文，取得突破；江西理工大学优秀硕士学位论文、江西理工大学三好硕士研究生和优秀毕业生等奖项的获得者。跟着马老师硕士三年，优秀毕业，硕士期间主要从事Mn2Sb磁性相变合金磁场驱动相变及相关物理效应研究工作，在Acta Mater.（SCI一区TOP期刊，IF = 7.656）、J. Magn. Magn. Mater. （SCI三区期刊，IF = 2.717）、 Phys. Lett.A（SCI三区期刊，IF = 2.087）、中国科学: 物理学 力学 天文学等国内外期刊上发表4篇SCI论文，申请1件国家发明专利。由于硕士期间成绩优异，毕业后到南京理工大学继续攻读博士学位。五、团队主要研究方向：磁性材料相变调控及其物理效应；纳米磁性材料制备及其物理性质；磁性薄膜制备及其物理性质；磁性拓扑材料；磁电/磁介电材料；每年拟招收全日制博士研究生：1-2名；硕士研究生4-6名（欢迎推免生和直博生，欢迎调剂）。考生可通过公开招考或者申请-考核方式报考，相关报考政策、条件、奖助学金等可参考江西理工大学2021年博士研究生招生报名专栏江西理工大学2022年硕士研究生招生简章硕士生奖助政策可以参照江西理工大学稀土学院招收硕士生相关政策，具体如下：学业奖学金：一等11000元，二等8000元，三等5000元，人事档案转入学校的全日制硕士研究生100%覆盖。调剂考生第一年给予二等以上奖学金，第二、三学年根据课程成绩、科研业绩及在校表现，按照一等15%，二等60%，三等25%的比例，评定学业奖学金。国家助学金：6000元/年・生，分10个月发放，人事档案转入学校的全日制硕士研究生100%覆盖。社会奖学金：国家奖学金、省政府奖学金、宝钢教育奖学金、金力永磁、新桥矿业等多项社会奖助金，奖励金额2000-20000元/生、比例约占研究生总数20%。三助获取300-800元/月、1000-1200元/月津贴，总数约占总人数的30%。另外参与本课题组导师科研的每个月还发放一定的研究生助研费和论文奖励。项目资金：资助每位研究生3000-4000元不等的培养经费用于课题研究，同时研究生还可申请创新资金项目，获批立项后可获得1000-4000元的创新资金。路费补助与奖励：外地调剂考生，只要调剂成功，由学院负责解决路费（火车硬座标准）和住宿费用。对于调剂到我院初试成绩超出国家线40分及以上的同学：每人奖励1000元；对于调剂到我院初试成绩超出国家线20―39分的同学：每人奖励500元。联系方式：电话：18779140882（马胜灿老师）18879749867（陈长材老师）18870764712（罗小华老师）15770727459（方春生老师）电子邮箱：，，，，,?，相关链接：马胜灿教授简介稀土磁性材料及器件研究所"
接收推免生学科专业及计划0709z4水文地质学2人；081800地质资源与地质工程4人；085700资源与环境9人。注：各专业拟接受推免生人数包含我院拟录取卓越地质师计划的学生人数。申请条件1.拥护中国共产党的领导，愿为社会主义现代化建设服务，身体健康，品德良好，遵纪守法。2.申请人必须是具有推荐免试资格高校的应届本科毕业生，并获得所在院校推荐免试资格，推荐手续完备，材料齐全。3.申请人本科在校期间学习成绩优异，诚实守信，学风端正，无任何考试作弊、剽窃他人学术成果及其他违法违纪受处分记录。4.欢迎并鼓励优秀生源以本科直博或硕博连读方式连续在我院深造。直博生占导师2022年博士生招生名额；硕博连读生以硕士身份学习两年考核通过后转为博士。申请的学生需先跟博士生导师联系确认接收意向。1.预报名。具有推免资格的考生，于2021年9月27日前在我校推免生预报名系统申请。2.提交申请材料。申请考生请于将以下材料合并成一个pdf文档）扫描件打包发送邮件，打包文件名为“姓名-本科学校名称-申请专业名称”，申请材料提交邮箱。①二代居民身份证、学生证原件扫描件；②历年在校学习成绩单原件（盖推荐学院教务科公章）扫描件；③其他各种能力证明材料（如大学英语四、六级考试成绩单、获奖证书、学术论文、出版物或原创性工作成果等）扫描件。④由政府设立的二级甲等及以上医院或我校校医院出具的体检报告。3.材料审查评议。我院对推免生申请者的材料进行审查、评议，确定复试名单，在9月22日前，分批向申请者发出复试或不予复试的通知。4.复试。同意参加我院复试的申请人须按学院要求按时参加复试。有意愿的欢迎与联系！[],guyko
一、院情简介中国科学院空天信息创新研究院（以下简称“空天院”）在中国科学院电子学研究所、遥感与数字地球研究所、光电研究院的基础上整合组建。这是中国科学院党组顺应党中央对科技机构改革的总要求，实施“率先行动”计划的重要举措。其中，电子学研究所创建于1956年，为我国第一个综合型电子与信息科学研究所；遥感与数字地球研究所于2012年在原遥感应用研究所（1979年）、对地观测中心（2007年）基础上组建，为我国遥感科学与综合应用技术研究机构；光电研究院组建于2003年，是光电工程、航天航空和应用科技等三个主要领域兼具总体管理与技术总体职能的高技术研究单位。截至2020年12月底，空天院共有在岗职工3200余人，包括中国科学院院士5人，研究员及正高级工程技术人员300余人，副研究员及高级工程技术人员600余人。承办中国科学院大学电子电气与通信工程学院和中国科学院大学光电学院，在读研究生1500余人。二、课题组主要研究方向1，非线性光学频率变换技术2，高能中波、长波红外激光技术3，定向能干扰技术4，新型激光器件三、联系方式：有兴趣推免研究生或直博的同学，请将简历发送至 邮箱：或站内。邮箱主题：“姓名+本科学校”。欢迎垂询。
北京航空航天大学分子病理机制实验室2022年推免生开始招生北京航空航天大学生物与医学工程学院自即日起开始接收推免生报名材料，欢迎大家报考叶盛研究组（分子病理机制实验室）。一、    课题组简介北航分子病理机制实验室，主要研究方向包括：重大疾病分子病理机制及其药物研发、蛋白质设计及人工蛋白库构建、人工智能与结构生物学。目前课题组有研究生7名，合作学生1名。目前课题组已完成及正在主持多项国自然基金及国家科技重大专项。课题组内相关科研设备齐全，奖助学金丰厚。本课题组为优秀研究生提供合作交流锻炼及参加学术会议机会。课题组科研氛围浓厚，导师亲切慷慨，集体活动丰富多样、氛围融洽。主页：二、    招生条件1.    获得所在学校的推免资格；2.    生命科学及基础医学方向者优先；3.    对分子病理机制、生物物理学研究有浓厚的兴趣。三、    导师简介叶盛，北京航空航天大学大数据精准医疗高精尖创新中心特聘研究员 ，博士生导师。叶盛教授在清华大学师从我国著名结构生物学家饶子和院士攻读直博以来，已从事结构生物学研究近二十年。在美国哥伦比亚大学从事博士后工作期间，叶盛的合作教授为美国科学院院士Wayne Hendrickson教授，他也是结构生物学领域一些重要研究方法的奠基人，这段科研经历令叶盛在结构生物学的理论和实践方面都得到了进一步的提升。回国加入中科院生物物理所之后，叶盛的研究组即确立了疾病的分子病理机制研究方向，具体的研究手段以结构生物学方法为主，辅以生物化学、细胞生物学等其他方法。通过对病理机制中关键蛋白质的结构和功能研究，力争阐明病理机制中的若干环节，并以关键蛋白质为基础，设计寻找能够与之结合并起到药物作用的化合物分子，尝试初步的药物研发。2019年4月加入北航大数据精准医疗高精尖中心以来，叶盛着手建立了疾病分子病理机制的研究组，在延续之前研究工作的同时，与中心的多组学研究团队通力合作，针对在多组学研究中发现的关键致病蛋白质或致病基因的表达产物进行结构和功能研究，以期在微观层面上揭示疾病的分子病理机制并进行后续的药物研发。2020年新冠疫情以来，叶盛研究组针对新冠病毒研发了具有高效抑制作用的介入抑制剂，目前正在积极开展进一步的药物研发工作。此外，叶盛教授的研究组未来还将在蛋白质设计方向上发力。随着蛋白质结构数据的快速积累，我们已经不满足于只是观察天然蛋白质，或对天然蛋白质进行个别残基突变的局部改造。合成生物学的迅猛发展需要越来越多的非天然蛋白质来完成人类设计出来的独特催化功能或结构功能。此类全新蛋白质只能通过人工设计的方法来获得，这就需要计算机技术与结构生物学知识的深度融合。叶盛教授将利用他本人在结构生物学领域的丰富经验，结合北航在人工智能等计算机科学领域的技术优势，实现国内在蛋白质设计领域的新突破。四、    联系方式邮箱：招生信息详情见：
真诚求助临床直博的事情。本人现研三，本科985临床专业，本科期间没上心学，考研调剂到某地方高校全国排名第一的二级专业。硕导为新开设的亚专科主任，临床很厉害，但几乎没有怎么做过基础科研，基础方面的文章大多为其他人挂名。师兄师姐均为做临床课题毕业，所以并没有课题延续下来。调剂时同意改成学硕，于是我在硕士正式开学之前，孤身一人来到其他导师的实验室，一直到现在。与老板聊的课题方向非常粗犷，只说我们要研究某种细胞，但是具体做什么、怎么做都没提示，于是在学会基本实验技术后，我开始一个人给自己规划课题，这期间简直可以用在泥坑里爬来形容。研一下碰上疫情，我导让我跟着实验室的博士师姐做博士课题。主要是做干细胞的单细胞转录组测序，由于该课题为新方向，实验室没人做过，师姐也是第一次做，加上师姐比较忙，整个一年下来，很多实验都是我在摸索，和师姐倒是经常讨论，但往往我们两个也没有讨论出太多实质性的东西。老板在临床，指导不了基础方向，最终结果是一年下来有测序数据，但是湿实验验证干细胞分化方面几乎没有积累太多实验数据，有一些小结果，但远远不够。而师姐压力大的时候，情绪不稳定，会把一些气撒在我身上，感到非常委屈。期间，买试剂、报账、写标书等活全部是我一人揽下，慢慢变成“大师兄”，还带过其他导师的第一批学生，整个过程中感觉自己承担了太多，我没有得到太多的指导，但我却要指导其他人。有段时间非常厌恶来实验室，非常想躺平，转念一想，又觉得自己一路走来不容易，还是希望自己能够把事情做出来，希望自己有个好结果。今年师姐博士毕业后，留在实验室，虽说要继续完成课题的后半部分，但重心已经偏离课题了。而我在6月份开始做自己的课题，课题延续师姐的大方向。距离毕业时间越来越近，变得很焦虑，想努力自救，折腾2个月后，开始大量阅读文献总结方法，更换试剂，终于有一点起色，在体外可以诱导干细胞分化。这段时间里，反思过自己为何去年一整年都没有做出来，是不是不够努力。师姐的课题集中在分化前的调控，当时我也大量的查过文献，找方法，尝试过许多种方法，都以失败告终。导师去年评上博导，今年应该能够拿到招生名额。最近找导汇报课题，聊到让我直博的事情。但我很犹豫，主要犹豫的点是：1、老板基础研究不扎实，虽然课题有了些起色，但我仍觉得课题方向不太明朗，继续跟着读博，导师给不了指导，像在赌博，依旧是自己培养自己；2、整组只有我一个人做实验，后续科研助理、师弟师妹来实验室的话，也由我带，实验室这边需要借用其他课题组的位置，颇有点夹缝求生存的意味；3、硕士入学时的想法是，希望能够出国读博士，但课题进展不顺利，目前手头也没有文章，套磁过几位教授，因为没有文章，表示可能不适合他们的实验室，目前准备再继续套磁一些导师，在10月份考完雅思。希望能够发出来，听一下大家的意见。,有机会就申请海外读博吧，从你的描述中，国内导师不能给太多的指导，而且实验室还是其他老师的，情况很尴尬。国外有导师指导，讨论会有正反馈，效率高，科研压力可能相对会小一点。,前期感觉你在实验室打杂，后期可能还是要你自己摸索着前进，国外读博也需要花费一番心思，可能也需要从头开始，但科研环境可能会不一样，建议申请国内其他和海外的博士试试,建议你联系一些中科院做学术的老师读博，他们专门搞学术的，能经常给一些实质性的指导,硬核在于没有文章
"有机会获得所在学校遴选为推免生的考生（暂不设专业限制）；深圳作为是我国改革开放的窗口城市，近年来，致力于建立具有全球影响力的创新创业之都，在科技创新治理体系上不断发展蜕变，创业密度多年稳居全国第一。为进一步打造人才高地，深圳大学与香港理工大学于2018年7月联合发起成立大湾区国际创新学院（greater bay area international institute for innovation，简称gba i3）。学院集合优质资源，并吸收国际顶尖高校和企业加入，搭建创新人才培育、科技创新以及高科技创业孵化平台。定位于创新敏感型国际化高等学院，立足于粤港澳大湾区，大湾区国际创新学院致力于成为高层次双创人才培养、高水平双创理论与实践研究、高规格国际双创资源对接、高价值大湾区项目孵化、高质量湾区高等教育合作的综合型创新创业平台。作为我国开放程度最高、经济活力最强的城市之一，深圳对人工智能人才需求迫切，具有多学科交叉背景和综合素养的人才更加获得企业青睐。例如，talent seer对ai初创公司的雇主调查显示，40％的公司将从技术研发向产品开发，熟悉技术且商业经验丰富的工作人员将备受青睐。教育部、国家发展改革委、财政部制定的《关于“双一流”建设高校促进学科融合 加快人工智能领域研究生培养的若干意见》明确指出，要探索深度融合的学科建设和人才培养新模式，着力提升人工智能领域研究生培养水平，形成“人工智能+x”的复合发展模式。作为深圳大学的创新窗口，大湾区国际创新学院在汇聚优势师资力量的同时，将面向智能优化与决策、大数据智能与数字经济、智慧医疗与健康管理交叉方向进行招生，拟优录取优秀研究生10名（6-8名推免，2-4名统考）。被录取的研究生将获得资深导师队伍的全程指导，培养模式密切结合产业发展趋势，践行深圳大学“脚踏实地、自强不息”的校训精神，致力于培育具有解决产业实际问题的人工智能交叉型人才，更好的服务于社会经济的发展。（一）专业名称专业名称：人工智能（智能管理与交叉创新）专业代码：085410学习方式：全日制专业学位学制：3年招收人数：10名（6-8名推免，2-4名统考）（二）学科简介深圳大学大湾区国际创新学院联合计算机与软件等学院开设“智能管理与交叉创新”全日制专业硕士项目，旨在培养一批：符合我国新一代人工智能发展需求、灵活运用人工智能与管理科学的理论和方法、解决产业实际问题的人工智能交叉型人才，更好的服务于社会经济的发展。深圳大学计算机科学与技术学科是广东省重点学科与国家特色专业，进入esi全球排名0.298%，在2019arwu软科排名中，计算机全国并列第15名，位列全国前10%，在usnews 2020世界大学排行榜上，计算机学科世界排名68位，国内排名第17位，广东省第1位。“智能管理与交叉创新”方向聚集了多个学院的优质师资，致力于促进数字经济时代下智能管理创新、推进智慧城市建设、发展数字经济产业，以满足我国当前重要产业升发展的关键需求。本方向充分发挥团队成员在大数据分析与智能决策等领域的丰富技术经验与实践积累，以技术创新为核心驱动力，探索开发多元化创业场景，并以智能决策、商业智能为典型应用场景，研究基于大数据技术的具有高准确率、动态响应、资源结构优化的智能解决方案，对智能技术驱动型创新管理机制进行系统探究与应用实践。（一）培养目标本专业旨在培养具备人工智能、管理科学与工程、智能决策、大数据健康等多学科交叉领域知识的创新型、复合型人才，发挥国际化平台优势，在培养学生较强的专业知识的同时，拓宽学生的国际视野，提升学生的综合素质与社会责任。本专业毕业生应具备采用数据驱动的分析方法与工具解决复杂产业问题的能力，能够运用计算机科学、管理科学与工程、大数据医疗、工程管理与数字经理领域的基本理论与方法，独立开展科学研究工作，把握人工智能和数字经济产业发展的重大历史机遇，推动前沿应用领域的发展，成为我国新一代人工智能发展规划战略目标达成的核心人才。（二）培养特色介绍（1）侧重学科交叉创新专业注重人工智能、管理科学与工程、生物医学工程、工程管理等优势学科知识的交叉融合，导师团队具有多学科交叉的研究背景和丰富的产业应用经验，针对我省的产业复杂瓶颈问题，例如，医疗数据挖掘、港口码头调度、客户订单调度优化、智能制造远程调控、数字化平台与个性化服务设计等，开发创新解决方案。学生可以系统性地掌握多学科的基本理论和方法，能够有效地运用系统化、工程化、智能化的理论与思想、定性与定量相结合的分析方法及工具解决实际管理问题。（2）促进产业落地应用学院致力于搭建创新人才培养与产业应用实践的桥梁，为高新产业输出复合型人才。学院已与深圳市卫生健康发展研究和数据管理中心联合成立了健康大数据智能分析与战略创新实验室，开展数据驱动的智慧医疗管理研究；成立了创新创业研究中心、国际创客中心，与美国硅谷高创会签订“大湾区―硅谷之窗”合作协议；与深圳科创学院合作，设立了双创高端人才联合培养项目，为创新人才培养提供全面的资源环境。团队教师在创新创业项目指导方面取得了多项国家级、省级奖项，积极致力于科学技术转化应用与落地。（3）紧跟国家发展规划本专业是创新性的人才培养领域，面向我国蓬勃发展的数字化产业发展需求，将人工智能与管理科学方向从理论与实践两个维度进行融合，致力于培养新一代人工智能人才。符合国务院发布的《新一代人工智能发展规划》，以及教育部、国家发展改革委、财政部制定的《关于“双一流”建设高校促进学科融合加快人工智能领域研究生培养的若干意见》的相关指导精神。（4）聚焦高端人才需求“智能管理与交叉创新”专业发挥教师团队在大数据分析与智能决策等领域的技术经验与实践积累，以技术创新为核心驱动力，探索开发多元化产业创新场景；方向课题以智能决策、商业智能为典型应用场景，研究基于大数据技术的具有高准确率、动态响应、资源结构优化的智能解决方案，对智能技术驱动型创新管理机制进行系统探究与应用实践，旨在培养具有开拓性思维及实践能力的实干型人才。（三）研究方向本专业作为新一代“人工智能+”的跨学科专业，结合教师团队在大数据运营、智能决策、医疗健康管理、供应链管理、智能推荐、图像处理、文本挖掘、生产调度、科技信息资源管理、创新创业管理等领域的长期积累，开设了三个研究方向：智能优化与决策、大数据智能与数字经济、智慧医疗与健康管理。（1）智能优化与决策：本研究方向主要开展人工智能和数据分析在多学科交叉领域的研究工作。具体地，针对管理系统和工程实际应用中的优化问题，采用机器学习、群体智能、启发式计算、特征工程技术、数据证析和智能决策分析等方法，围绕智慧医疗、智慧城市、智能推荐、智慧交通、智能调度、智能创新等交叉领域问题，开展智能优化理论及方法研究。导师：牛奔、王红、周天薇、袁磊（2）大数据智能与数字经济：本方向将大数据挖掘技术与管理领域问题结合，面向产业发展瓶颈问题开展一系列多学科交叉研究。创新性地运用人工智能、社交网络分析、知识图谱、文本挖掘、智能计算等技术，解决用户行为挖掘与建模、智能推荐系统、企业数字化、人机交互与数字营销、互联网医疗管理、智能创新与创业等前沿研究问题，开展具有理论创新与社会影响的深入研究。导师：杨辰、耿爽、周志民、冯元粤（3）智慧医疗与健康管理：综合运用管理科学、计算机科学等多学科知识，重点围绕临床数据挖掘与分析、医学图像处理、智能辅助诊断、人群健康数据科学分析与利用、医疗与公共卫生资源配置与优化决策、健康传播、医疗健康数据治理等方面的理论和技术问题，开展智慧医疗与健康管理领域的交叉学科创新研究，为具有中国特色和地区优势的“大健康”发展提供新方案。导师：王D、柴语鹃、李丽（四）导师队伍本项目导师组成员包括袁磊、李丽、牛奔、周志民、冯元粤、杨辰、王红、周天薇、耿爽、柴语鹃、王D等老师，来自深圳大学大湾区国际创新学院、管理学院、建筑与城市规划学院、生物医学工程学院、计算机学院。团队目前已申请国家级项目21项，合作发表包括nature、science在内的高水平学术论文50余篇，出版中英文著作10余部，申请专利10项，授权8项，软件著作权8项，培养40余名硕士研究生（其中16名学生继续攻读博士学位）。在创新创业比赛方面，获得国家级奖项2项，省部级及市级奖项14项。袁磊，教授，博导，深圳大学建筑与城市规划学院教授、深圳大学教务部主任、深圳市绿色建筑评价标识专家，深圳市建设工程专家库专家。深圳市优秀青年教师，深圳市高层次专业技术人员后备级领军人才。近年来主持和参与国家自然科学基金项目4项，住房和城乡建设部科学研究项目3项。在国内外期刊发表学术论文20余篇，译著2部。李丽，教授，博导，广东省“千百十工程”人才，深圳市优秀教师，深圳市优秀党务工作者，国家级一流本科课程主讲教授。从事项目管理，数字经济与科学决策、创新创业、礼仪文化领域研究，出版专著5部，主持国家自然科学基金、国家社会科学基金、教育部人文社科研究项目4项。主持省部级及企事业委托课题35项。发表学术论文70余篇。牛奔，教授、博导，入选美国斯坦福大学人工智能领域全球前2%顶尖科学家榜单、广东省高校“优秀青年教师”、“广东省珠江学者”、教育部工业工程专业 “教指委委员”、英国皇家工程院与中国工程院“中英创新领军人才”。长期从事人工智能、大数据分析与处理、智慧医疗等多学科交叉领域的科研工作。近五年主持国家自然科学基金5项，指导博士后10位、博士生10位、硕士生8位（5位获全奖或csc资助出国攻博）。周志民，教授，博导。教育部新世纪优秀人才、广东省千百十省级培养对象、广东省十大杰出青年岗位能手。研究方向为在线社群、品牌管理、ai营销等前沿课题，主持3项国家自然科学基金项目（2项优秀结题），出版7部专著、译著或教材，发表80余篇中英文期刊论文（ssci论文近20篇）。共指导博士后6名、博士生3名。杨辰，副教授，硕导，深圳市海外高层次人才、深圳市南山区领航人才、深圳大学荔园优青。主要研究方向包括文本挖掘和社交网络分析。近年来，主持或参与国家自然科学基金项目5项，教育部人文社科基金1项，广东省自然科学基金2项，发表学术成果30余篇。指导研究生多次获国家奖学金、深圳大学优秀毕业生、广东省优秀学生（研究生阶段）等表彰。冯元粤，副教授，硕导，深圳市海外高层次人才、深圳市南山区领航人才、深圳大学荔园优青、深圳大学创新创业研究中心副主任、中国优选法统筹法与经济数学研究会计算机模拟分会理事。长期从事人工智能、开放创新、数字创业、人机交互等多学科交叉领域的科研工作。在信息系统领域顶级国际期刊发表论文10余篇，曾获中国创新与企业成长学术会议优秀论文奖。王红，助理教授、硕导，深圳大学新锐研究生导师，深圳市 “孔雀计划”海外高层次人才，深圳市南山区高层次“领航人才”，深圳大学“薪火计划”优秀青年教师培养人才。从事人工智能、数据分析、客户关系管理、医疗资源优化等交叉领域的科研工作。在相关领域，发表sci/ssci/ei三大检索论文40余篇，主持或参与国家自然科学基金项目3项，完成专著2本。耿爽，助理教授，硕导，英国巴斯大学访问学者，入选深圳高层次海外人才计划。长期从事智能决策与数据挖掘、用户行为挖掘、推荐系统等前沿交叉课题研究，发表国际顶级期刊论文5篇，sci/ssci/ei检索论文20余篇，主持及参与国家级科研项目3项、广东省及深圳市项目5项，完成专著3本，获深圳大学教学奖项4项，指导学生发表10余篇学术论文，学生主持8项大学生创新创业项目。周天薇，助理教授，硕导，深圳大学新锐研究生导师，深圳市海外高层次人才。长期从事人工智能、智能调度、信息物理系统、图像处理等多学科交叉领域研究。近年来主持和参与国家自然科学基金项目4项，教育部人文社科基金1项，广东省重大项目1项，广东省联合基金1项，发表sci检索期刊论文近20篇，申请专利6项。近五年合作指导博士生1位，硕士生4位，1位学生获csc资助出国攻博。柴语鹃，深圳大学医学部生物医学工程学院助理教授，硕导，深圳市海外高层次b类人才，香港大学李嘉诚医学公共健康博士。于体外诊断产业工作四年并从事诊断试剂的开发和iso：13485质量体系认证工作。研究方向为纳米材料和体外诊断技术的开发和新型临床应用，精神疾病的流行病学研究及健康大数据分析。发表sci论文10篇（引用量500余次），以共同作者和共同第一作者身份发表两篇论文于nature。获得9项产品专利，1项软件著作，部分研发产品已成功产业化。王D，助理教授，硕士生导师，工学学士、管理学博士、博士后，美国哥伦比亚大学联合培养研究生。从事医疗健康大数据分析、医疗数据质量管理、医疗健康行业数字化转型等交叉学科领域的研究工作，主持国家自然科学基金项目和教育部人文社科项目各1项，参与国家重点研发计划项目2项，近三年在国内外权威期刊上发表学术论文十余篇。（五）课程设置安排的课程包括：高阶运筹学、数据挖掘、数据模型与决策、大数据与人工智能、最优化计算与工具、人工智能与创新、大数据与城市分析、管理信息系统、管理研究方法、交叉学科前沿讲座等课程。（六）教学资源“智能管理与交叉创新”人工智能专业硕士人才培养项目整合了深圳大学管理学院、大湾区国际创新学院、计算机与软件等学院的教学资源。项目依托管理科学与工程博士点和计算机科学与技术博士点，师资来自信息系统与管理、计算机科学与技术等国家一流本科专业，是汇聚了深圳大学多个热门专业资源的硕士方向。大湾区国际创新学院整合了深圳大学、粤港澳地区大学及国际湾区大学优质资源，已开展创业服务工程国际硕士、数字智能创新与创业管理方向跨界联合培养硕士、博士联合培养、创新应用博士后各个层次的国际化人才培养项目，建设了“本科-硕士-博士-博士后”全流程创新培训课程与培养项目，打造了阶梯式递进、差异化培养的育人体系，学院还建立了“大学生创业孵化基地”、“教育部产教融合协同育人基地”等联合实验室及研究中心，可为本专业提供国际化的教学资源。（七）毕业生情况导师团队由多位资深学者构成，前期指导的研究生硕果累累。1.部分获奖情况指导的研究生斩获广东省优秀学生（研究生阶段）称号（毕莹，刘佳，刘婷婷等），中国互联网+大学生创新创业比赛国家级银奖、铜奖及省级银奖（mijat kustudic, 何晓芙），全国大学生电子商务“创新、创意及创业”赛广东赛区一等奖（杨学森，刘雷，左路路，蚁文洁，刘婷婷），“深创杯”国际大学生创新创业大赛总决赛二等奖（杨学森，谢丽娇，钟雨珂，林俊彤，刘婷婷，左路路，蚁文洁，刘雷），aiia杯人工智能巡回赛-中国联通&腾讯联合赛二等奖 （刘婷婷，蚁文洁，杨学森，左路路），国际群体大会“最佳论文奖”（杨学森），国际智能计算大会(icic)“最佳论文奖”（薛冰）等奖项。2.部分毕业生近况姓名-毕业时间-就职近况薛冰-2010-新西兰惠灵顿维多利亚大学教授唐厚君-2011-美国劳伦斯伯克利国家实验室研究员（终身职位）王红-2013-深圳大学助理教授许红龙-2016-佛山科学技术学院讲师毕莹-2016-新西兰惠灵顿维多利亚大学博士后刘憬-2017-澳大利亚新南威尔士大学博士在读刘雷-2019-澳大利亚国立大学博士在读刘佳-2018-英国萨里大学博士在读喻迎-2019-广东科技学院讲师蚁文洁-2019-英国诺丁汉大学博士在读刘倩颖-2021-英国格拉斯哥大学博士在读肖寒-2011-深圳市恒和供应链科技有限公司（副总经理）吴雨-2011-湖南省机场管理集团(湖南省机场管理局)秘书室主任詹萌-2011-深圳银保监局机构监管工作（一）学费根据国家政策，凡被深圳大学正式录取的以全日制脱产方式学习的硕士研究生，学费标准为8000元/年。（二）住宿费以全日制脱产方式学习的硕士研究生，根据宿舍房源和住宿条件，1200-1500元/人/年。（三）奖助学金深圳大学大湾区国际创新学院依托地区经济发展优势，通过提高待遇水平，吸引优质生源，鼓励学生专心学业。(1)国家助学金8000元/年；推免生可获15000元新生特等奖学金；(2)在国家奖学金（近年来本导师团队指导的研究生已先后有12人次获得了研究生国家奖学金）、国家助学金、学业奖学金的基础上，可申请荔研优学奖学金；(3)研究生可申报深圳大学学生创新创业发展基金中的研究生创新项目（一般项目）和重点项目；(4)可以申报“鹏城奖学金”、“腾讯创始人创新奖学金”等一批社会（企业）奖学金；(5)就读期间可申报研究生科研创新课题、有机会参与高水平科研项目并获取科研津贴等资助；(6)本专业研究生在创新创业方面的实践探索可以依托大湾区国际创新学院申请深港大学生创新创业基地的创业基金资助（每年约20个项目，总额约100万元）。按照深圳大学奖助政策体系，以全日制学习方式的非定向硕士研究生一年获得的奖助学金均不少于8000元，表现优异的将不少于6万元，如累计学校现有国家助学金、社会（企业）奖学金等，一年所获奖助学金可超过10万元。奖助学金的具体情况见《深圳大学硕士研究生奖助体系（2022级）》。（四）助学贷款与特困补助按照国家有关规定，深圳大学可协助经济困难的硕士研究生申请办理国家助学贷款。对于特殊困难学生，学校设有特殊困难补助。报考2022年硕士研究生必须通过中国研究生招生信息网（以下简称“研招网”）进行网上报名。1.网上报名时间:以研招网公布时间为准。2.报名流程考生登录研招网浏览报考须知，按教育部、省级教育招生考试管理机构、报考点以及报考招生单位的网上公告要求报名，凡不按要求报名、网报信息误填、错填或填报虚假信息而造成不能考试或录取的，后果由考生本人承担。在报名期间，考生可自行修改网报信息。推荐免试生报名流程详见《深圳大学2022年接收推荐免试攻读研究生章程（含直博生）》。教育部最新相关政策尚未公布，暂按往年执行。最终报名招生方式以深圳大学研究生招生网《深圳大学2022年硕士研究生招生章程》为准。为便于大家相互沟通，答疑解惑，请有兴趣的同学加入，并备注姓名+学校+专业！简历发送至电子邮箱：。群名称：大湾区国际创新学院2022人工智能方向推免生招生群我们热忱欢迎有志于上述三类研究方向的推免生报考大湾区国际创新学院研究生！",7yjik,立足大湾区发展战略，致力通过开放创新、培训项目和创业支援等活动，培,看起来老师实力很强哦,哇哦 很感觉很有前景吖,很厉害(? ??_??)?
"有机会获得所在学校推免生资格的考生（暂不设专业限制，欢迎计算机、数学、自动化、生物医学工程、系统工程、工业工程、管理、经济等相关专业同学报名）。大湾区国际创新学院（greater bay area international institute for innovation，简称gba i3）由深圳大学与香港理工大学于2018年7月联合发起成立。集合优质资源，并吸收国际顶尖高校和企业加入，搭建创新人才培育、科技创新以及高科技创业孵化平台。定位于创新敏感型国际化高等学院，立足于粤港澳大湾区，大湾区国际创新学院致力于成为高层次双创人才培养、高水平双创理论与实践研究、高规格国际双创资源对接、高价值大湾区项目孵化、高质量湾区高等教育合作的综合型创新创业平台。作为深圳大学的创新窗口，学院在汇聚优势师资力量的同时，针对数字智能创新与创业管理中面临的瓶颈问题，面向基于智能优化与数据科学的创新分析与决策、基于大数据及人工智能的智慧场景应用以及智能技术驱动型管理机制探究与实践等前沿方向，跨界联合招收数字智能创新与创业管理学术型全日制推免研究生6-8名。被录取的研究生将获得资深导师队伍的全程指导，培养模式密切结合产业发展趋势，实行知行合一的价值导向，致力于培育具有较强创新和实践能力的应用型人才。（一）专业名称专业名称：管理科学与工程（数字智能创新与创业管理）专业代码：120100学习方式：全日制学术型学制：3年招收人数：6-8名（二）专业简介不同于传统的管理科学与工程专业培养体系，本学科点立足于大湾区国际创新学院，集合深圳大学优质资源，聚焦数字智能创新与创业管理中存在的瓶颈问题，注重管理科学与工程、计算机科学、生物医学工程、工程管理等优势学科知识的交叉融合，侧重实际管理问题的创新解决与智能优化，旨在培养熟练掌握相关交叉学科领域基本理论和方法，有较强的运用相关交叉学科先进技术及分析方法能力的一流拔尖创新型、复合型人才。大数据与人工智能技术是数字经济时代下深圳促进智能化医疗创新与升级、推进智慧城市建设、发展数字经济产业的先导力量，是我国当前发展的重要产业领域与关键需求；本学科充分发挥多专业资深教师在大数据分析与智能决策、智能辅助诊断、智慧城市、创业服务管理等领域的丰富技术与实践积累，以技术创新为核心驱动力，探索开发多元化创业场景，并以智慧运营、智能化医疗、智慧城市管理、商业智能为典型应用场景，研究基于大数据技术的具有高准确率、动态响应、资源结构优化的智能解决方案，对智能技术驱动型创业的管理机制进行系统探究与应用实践。（一）培养目标本专业旨在培养德智体全面发展，具备管理科学与工程、计算机科学、生物医学工程以及工程管理等多学科交叉的知识结构，具有较强的研究能力以及创新实践管理能力的一流拔尖创新型、复合型人才。通过系统的理论教学和管理实践、高水平的专题研究，本专业硕士毕业生应熟练掌握相关交叉学科领域的基本理论和方法，能够有效地运用系统化、工程化、智能化的理论与思想、定性与定量相结合的分析方法及工具解决企业管理实践中的现实问题；能够独立开展专业相关的科研工作，并具有继续深造和与企业实际对接的基础和能力。（二）专业特色介绍（1）精尖复合人才培育的沃土：本专业依托深圳大学大湾区国际创新学院在文理渗透、工工交叉、医工融合方面的平台优势，将人工智能基础学科与前沿产业瓶颈问题交叉融合，聚焦技术创新的前沿应用与成果转化，融合先进的创新创业管理机制，精准培养理论扎实、视野开阔、实践丰富的拔尖创新型人才；（2）国际创新创业人才的渡口：本专业紧密联合国际与国内智能创新管理的研究生骨干课程，集多专业方向导师特长设计更具学术性的交叉融合培养方案，新增交叉学科多位资深导师合作授课方式，营造多学科知识交叉创新与不同思维之间相互碰撞的学术氛围，打造开放式、全球化的青年创新型人才培养教育平台，实现人才供给端与需求端的精准对接；（3）学科资源交叉融合的基地：导师队伍年富力强，对录取的研究生给予全程指导，打造学科资源交叉融合的基地。研究生导师来自深圳大学管理学院、计算机与软件学院、建筑与城市规划学院、生物医学工程学院等，指导学生经验丰富，成果卓越。研究生的学习生活可以充分享用导师团队的资源优势，包括但不限于深圳大学大湾区国际创新学院和导师所在学院的对应资源；（4）团队合作研究探索的平台：团队研究经费充足，导师团队主持包括国家重点研发计划、国家自然科学基金面上项目、国家自然科学基金青年项目、广东省普通高校重点项目、广东省自然科学基金面上项目、广东省软科学项目等25项研究课题。录取的研究生可以基于学科交叉平台，与研究团队共同进行相关前沿科学问题研究，助力企业科技研发与应用落地的全过程。（三）研究方向深圳大学大湾区国际创新学院数字智能创新与创业管理学术型硕士研究生基于多学科交叉融合理论，针对数字智能创新与创业管理中存在的瓶颈，围绕大数据与人工智能环境下创新分析决策、智慧场景应用与智能管理机制相关问题，衍生出如下三类主要研究方向。（1）基于智能优化与数据科学的创新分析与决策：该方向采用前沿智能优化模型、人工智能、机器学习、大数据分析等技术方法，从优化算法研究、数据智能、工业大数据分析与处理、社会网络分析等方向进行系统化研究，从而实现基于前沿优化理论与数据科学的智能决策创新，提高企业基于大数据和人工智能的商务智能管理水平。该方向指导教师包括：牛奔、杨辰、周天薇等。（2）基于大数据及人工智能的智慧场景应用：该方向采用大数据分析、机器学习、人工智能方法为载体，结合智能医疗与智慧城市等应用场景，实现基于大数据挖掘与空间智能的智慧城市场景应用。该方向指导教师包括：乐阳、毛睿、王红、耿爽等。（3）智能技术驱动型管理机制探究与实践：该方向主要面向新兴智能技术，实现智能技术驱动下的医疗创新与智能管理探究及基于智能技术的创新机制探究等最新议题的理论实践探索。该方向指导教师包括：冯元粤、柴语娟、王D等。（四）导师队伍本项目导师组成员包括乐阳、毛睿、牛奔、冯元粤、杨辰、柴语鹃、王红、周天薇、耿爽、王D等老师，来自深圳大学大湾区国际创新学院、计算机与软件学院、建筑与城市规划学院、生物医学工程学院和管理学院。导师组目前申请国家级项目21项，合作发表包括nature、science在内的高水平学术论文50余篇，出版中英文著作10余部，申请专利10项，授权8项，软件著作权8项，培养40余名硕士研究生（其中16名学生继续攻读博士学位）。在创新创业比赛方面，获得国家级奖项2项，省部级及市级奖项14项。乐阳，教授，博导。研究方向具体包括，移动对象时空模型、表达及管理，基于城市和交通的群体移动对象管理与分析，以及个体移动对象行为规律分析与挖掘等。主持及承担9项科研项目，发表学术论文三十余篇。任中国gis协会理论与方法专业委员会委员，acm sigspatial中国分会秘书，isprs第二委员会第七工作组秘书，及多个国际会议pc委员。毛睿，教授，博导，深圳市高层次专业人才（地方级领军人才）、深圳市海外高层次人才、深圳市南山区领航人才。长期从事通用大数据处理和高性能计算。近年来，主持包括国家重点研发计划课题和国家863计划军口课题等8个国家级项目，获2016军队科技进步二等奖、sisap2010和bibe2003国际会议best paper奖。牛奔，教授、博导，入选美国斯坦福大学人工智能领域全球前2%顶尖科学家榜单、广东省高校“优秀青年教师”、“广东省珠江学者”、教育部工业工程专业 “教指委委员”、英国皇家工程院与中国工程院“中英创新领军人才”。长期从事人工智能、大数据分析与处理、运营优化、智慧医疗等多学科交叉领域的科研工作。近五年主持国家自然科学基金5项，指导博士后10位、博士生10位、硕士生8位（5位获全奖或csc资助出国攻博）。冯元粤，副教授，硕导，深圳市海外高层次人才、深圳市南山区领航人才、深圳大学荔园优青、深圳大学创新创业研究中心副主任、中国优选法统筹法与经济数学研究会计算机模拟分会理事。长期从事人工智能、开放创新、数字创业、人机交互等多学科交叉领域的科研工作。在信息系统领域顶级国际期刊发表论文10余篇，曾获中国创新与企业成长学术会议优秀论文奖。杨辰，副教授，硕导，深圳市海外高层次人才、深圳市南山区领航人才、深圳大学荔园优青。主要研究方向包括文本挖掘和社交网络分析。近年来，主持或参与国家自然科学基金项目5项，教育部人文社科基金1项，广东省自然科学基金2项，发表学术成果30余篇。指导研究生多次获国家奖学金、深圳大学优秀毕业生、广东省优秀学生（研究生阶段）等表彰。柴语鹃，深圳大学医学部生物医学工程学院助理教授，硕导，深圳市海外高层次b类人才，香港大学李嘉诚医学公共健康博士。于体外诊断产业工作四年并从事诊断试剂的开发和iso：13485质量体系认证工作。研究方向为纳米材料和体外诊断技术的开发和新型临床应用，精神疾病的流行病学研究及健康大数据分析。发表sci论文10篇（引用量500余次），以共同作者和共同第一作者身份发表两篇论文于nature。获得9项产品专利，1项软件著作，部分研发产品已成功产业化。王红，助理教授、硕导，深圳大学新锐研究生导师，深圳市 “孔雀计划”海外高层次人才，深圳市南山区高层次“领航人才”，深圳大学“薪火计划”优秀青年教师培养人才。从事人工智能、数据分析、客户关系管理、医疗资源优化等交叉领域的科研工作。在相关领域，发表sci/ssci/ei三大检索论文40余篇，主持或参与国家自然科学基金项目3项，完成专著2本。周天薇，助理教授，硕导，深圳大学新锐研究生导师，深圳市海外高层次人才。长期从事人工智能、智能调度、运营优化、图像处理等多学科交叉领域研究。近年来主持和参与国家自然科学基金项目4项，教育部人文社科基金1项，广东省重大项目1项，广东省联合基金1项，发表sci检索期刊论文近20篇，申请专利6项。近五年合作指导博士生1位，硕士生4位，1位学生获csc资助出国攻博。耿爽，助理教授，硕导，英国巴斯大学访问学者，入选深圳高层次海外人才计划。长期从事智能决策与数据挖掘、用户行为挖掘、推荐系统等前沿交叉课题研究，发表国际顶级期刊论文5篇，sci/ssci/ei检索论文20余篇，主持及参与国家级科研项目3项、广东省及深圳市项目5项，完成专著3本，获深圳大学教学奖项4项，指导学生发表10余篇学术论文。王D，助理教授、硕士生导师，工学学士、管理学博士、博士后，美国哥伦比亚大学联合培养研究生。从事医疗健康大数据分析、医疗数据质量管理、医疗健康行业数字化转型等交叉学科领域的研究工作，主持国家自然科学基金项目和教育部人文社科项目各1项，参与国家重点研发计划项目2项，近三年在国内外权威期刊上发表学术论文十余篇。（五）课程设置安排的课程包括：专业英语、多元统计分析、管理研究方法、交叉学科前沿讲座、高级经济学、高阶运筹学、信息系统与电子商务、数据挖掘、最优化计算与工具、决策与博弈、知识管理、大数据与人工智能、商业决策模拟实战、创新创业研讨及实战、人工智能与创新、项目管理、工程管理等课程。（六）教学资源本学科“管理科学与工程”目前为广东省优势重点学科、广东省“珠江学者”设岗平台，本学科依托相关实验室及研究中心有：广东省高等学校实验教学示范中心“深圳大学经济管理实验教学中心”、中央财政支持地方高校专项资金资助的“电子商务创新创业实验室”及“智能管理与决策协同创新中心”、与深圳市医学信息中心联合成立的“健康大数据智能分析与战略创新实验室”。本学科其他教学资源依托学院包括：大湾区国际创新学院、计算机与软件学院、建筑与城市规划学院、生物医学工程学院和管理学院。（七）毕业生情况导师团队由多位资深学者构成，前期指导的研究生硕果累累。1.部分获奖情况指导的研究生斩获广东省优秀学生（研究生阶段）称号（毕莹，刘佳，刘婷婷等），中国互联网+大学生创新创业比赛国家级银奖、铜奖及省级银奖（mijat kustudic, 何晓芙），全国大学生电子商务“创新、创意及创业”赛广东赛区一等奖（杨学森，刘雷，左路路，蚁文洁，刘婷婷），“深创杯”国际大学生创新创业大赛总决赛二等奖（杨学森，谢丽娇，钟雨珂，林俊彤，刘婷婷，左路路，蚁文洁，刘雷），aiia杯人工智能巡回赛-中国联通&腾讯联合赛二等奖 （刘婷婷，蚁文洁，杨学森，左路路），国际群体大会“最佳论文奖”（杨学森），国际智能计算大会(icic)“最佳论文奖”（薛冰）等奖项。2.部分毕业生近况姓名-毕业时间-就职近况薛冰-2010-新西兰惠灵顿维多利亚大学教授唐厚君-2011-美国劳伦斯伯克利国家实验室研究员（终身职位）王红-2013-深圳大学助理教授许红龙-2016-佛山科学技术学院讲师毕莹-2016-新西兰惠灵顿维多利亚大学博士后刘憬-2017-澳大利亚新南威尔士大学博士在读刘佳- 2018-英国萨里大学博士在读喻迎-2019-广东科技学院讲师蚁文洁-2019-英国诺丁汉大学博士在读刘倩颖-2021-英国格拉斯哥大学博士在读肖寒-2011-深圳市恒和供应链科技有限公司（副总经理）刘熹-2012-微众岳磅-2014-腾讯张贺-2016- 阿里巴巴胡梓良-2019-商汤科技（一）学费根据国家政策，凡被深圳大学正式录取的以全日制脱产方式学习的硕士研究生，学费标准为8000元/年。（二）住宿费以全日制脱产方式学习的硕士研究生，根据宿舍房源和住宿条件，1200-1500元/人/年。（三）奖助学金深圳大学大湾区国际创新学院依托地区经济发展优势，通过提高待遇水平，吸引优质生源，鼓励学生专心学业。(1)国家助学金8000元/年；推免生可获15000元新生特等奖学金；(2)在国家奖学金（近年来本导师团队指导的研究生已先后有12人次获得了研究生国家奖学金）、国家助学金、学业奖学金的基础上，可申请荔研优学奖学金；(3)研究生可申报深圳大学学生创新创业发展基金中的研究生创新项目（一般项目）和重点项目；(4)可以申报“鹏城奖学金”、“腾讯创始人创新奖学金”等一批社会（企业）奖学金；(5)就读期间可申报研究生科研创新课题、有机会参与高水平科研项目并获取科研津贴等资助；(6)本专业研究生在创新创业方面的实践探索可以依托大湾区国际创新学院申请深港大学生创新创业基地的创业基金资助（每年约20个项目，总额约100万元）。按照深圳大学奖助政策体系，以全日制学习方式的非定向硕士研究生一年获得的奖助学金均不少于8000元，表现优异的将不少于6万元，如累计学校现有国家助学金、社会（企业）奖学金等，一年所获奖助学金可超过10万元。奖助学金的具体情况见《深圳大学硕士研究生奖助体系（2022级）》。（四）助学贷款与特困补助按照国家有关规定，深圳大学可协助经济困难的硕士研究生申请办理国家助学贷款。对于特殊困难学生，学校设有特殊困难补助。报考2022年硕士研究生必须通过中国研究生招生信息网（以下简称“研招网”）进行网上报名。1.网上报名时间:以研招网公布时间为准。2.报名流程考生登录研招网浏览报考须知，按教育部、省级教育招生考试管理机构、报考点以及报考招生单位的网上公告要求报名，凡不按要求报名、网报信息误填、错填或填报虚假信息而造成不能考试或录取的，后果由考生本人承担。在报名期间，考生可自行修改网报信息。推荐免试生报名流程详见《深圳大学2022年接收推荐免试攻读研究生章程（含直博生）》。教育部最新相关政策尚未公布，暂按往年执行。最终报名招生方式以深圳大学研究生招生网《深圳大学2022年硕士研究生招生章程》为准。为便于大家相互沟通，答疑解惑，请有兴趣的同学加入（2022深圳大学大湾区国际创新学院推免（数字智能创新与创业管理）），并备注姓名+学校+专业！简历发送至电子邮箱：。我们热忱欢迎有志于上述三类研究方向的推免生报考大湾区国际创新学院研究生！",这个学院听着很厉,立足大湾区发展战略，致力通过开放创新、培训项目和创业支援等活动，培,咱们这个专业开设了多久了呀,wonder,交叉学科感觉更有前景哎
""
""
隔了好几年没有在小木虫上写东西，登录小木虫频次也越来越低，主要是年纪越来越大，事情越来越多，没有了早些年闲时逛逛木虫网站的心情。昨天晚上刚刚给小侄女写了一封信，和她讲一讲如何开始研究生生涯。稍微对信中的个人信息做了点处理，发给大家看看。纯属一家之言，仅供参考。y：截至到今天，你进入l老师课题组应该有两个星期了。昨天，你给我发微信说：“实验室的强度真的很大。”为此，我还给你回了不少建议，但还不够系统。同时，隔着手机我也能感到你的些许不适应。说实话，这种情况是我早就预料到的，因为这是每一位从本科进入研究生阶段的学生都会有的不适应，何况你还是进入清华这样的学校，不适应显然会更强烈些。首先站在我的角度，你拥有很好的基本素质，无论是你的基础、科研悟性，还有你的英文，相比我的研究生来讲，都明显要高出一个层次，所以你完成好博士研究生阶段的科研工作应该是没有问题的，这一点上，你应该要对自己有信心。只是，不是每个人都能很好地完成本科到研究生学习方式的转变，这也是叔叔我一直有些担心的地方。之前，机缘巧合让我结识了h老师，我在让h老师向l老师推荐你的时候（注：h是l博士阶段的导师），我就说过：“我觉得y素质是好的，只是科研上是小白。我作为长辈，自然会担心她角色切换的不好……”。因此，趁着今天有空、也有心情，以我这些年作为学生和老师的体会，对你说一说应该如何开始研究生的学习，如何与老师相处。但需要提醒你的是，叔叔的境界和经历都很一般，你需要思考分析过后，选择性地接受我的部分观点即可。对于你这个刚刚进入实验室的小白来说，应该尽快了解并且熟悉自己所在的领域或课题组会用到的每一种实验方法，每一步实验操作应该要注意什么，怎么样才能够提高实验的成功和准确率。这些东西，只能是通过老师或师兄师姐身上，以及自己的每一次实验犯错上来学习，因为这是文献里不会教给你的。特别是刚开始的每一次实验，你都要在心里多想想、嘴上多问问，为什么要这样操作。有的也许有答案，有的也许现在没有答案，但思考是我们作为人的优势，你不是机器。而且，你做实验时思考的越多，未来你就有更大的可能性，快速学习新的实验技能，甚至是独立学习开展新的实验（因为你不可能依靠在某一个课题组学习到的实验技能吃一辈子饭，实验技术总是在不断地更新换代中）。很高兴得知老师给你安排带你的师姐比较负责，你自己也很满意，这确实是一个好的基础（当然，你也应该设身处地也为师姐多考虑，好好相处，有一个并肩作战的师姐，对于你的科研和生活百利而无一害）。即使是师兄或师姐，他们做实验也难免会遇到各种各样的问题，犯各式各样的错误。从现在开始留心每一位师兄师姐犯的错误，并加以分析记录下来，避免自己将来再犯。如果是自己的错误，那当然更应该避免自己再犯。你应该知道，在一个相同问题或相同性质的事情反复犯错，都是在消耗你的时间和精力，同时也会极大地消耗老师或师兄师姐对你的信任。如果你完成了这第1个阶段，你应该具备再现或重复已有文献工作的能力。换句话说，老师安排你做一个具体的实验，你有独立完成的能力，这也是科研开展的基础。你开始的第一个课题，一般是老师指定了一个大概的课题，或者你阅读了大量的文献（可能还包括前期的实验预研）后，与老师商量出一个具体的课题。总之，这个研究的idea是你在老师的指导或协助下确定的。在第2个阶段，你应该具备针对一个课题，你能够设计出你的基本实验步骤，每一个步骤需要采用哪些可能的实验方法。说实话，这个阶段是不容易的。相比前一阶段，你只需要掌握每个“点”，这个阶段，你得将这些“点”串起来，并为你的最终目标服务。为此，你应该在阅读每一篇文献时，或者帮助老师或师兄师姐开展每一项工作时，特别关注每一步实验之间的逻辑关系，为什么那个在前，为什么这个在后，哪个实验可以同时做，哪个实验可以提前测试一下，可不可以不这样来做，有没有换一种策略的可能？……等等。千万不要仅仅只是每天机械地做实验，而不去想开展这个实验的目的是什么，承上启下的关系是什么。说实话，我见过太多的学生，只是知道老师叫他干什么就干什么，说一步走一步，完全不清楚为什么要做这个实验，这是很可怕的事情。很多从国外拿了人才帽子回来的人，有些人脱颖而出，有些人销声匿迹，很大的一部分原因就是后者不具备第2阶段的能力。如果你完成了这第2个阶段，你应该达到了一个合格博士生（哪怕是在清华）的毕业要求。换句话说，老师给你一个课题，你具备了独立开展科研，完成这个工作的能力。说实话，能达到这一段的人，一般在学术上就有着很高的品味，在学术圈“崭露头角”或“出类拔萃”那是迟早的事。这也是叔叔这样普通导师和h那样老师之间最大的区别。这一阶段的学习，很有些“形而上”或者叫“天赋”、“悟性”的味道。当然，这也和你初进入科研阶段，你接触到的课题、受到的训练有很大关系。即使是一个天赋异禀的学生交到我的手上，恐怕也会被我耽误了他的“天赋”，他会消耗了大量的时间和精力做着没那么有价值的东西。而你所在的学校和平台就不一样，你是有这个机会接触这样级别的课题和训练，剩下的就看你自己的“悟性”了。但我依然觉得，要具备这一阶段的能力，你首先需要准确掌握这个阶段你所在领域（甚至是更大的领域）的研究现状，这需要你阅读大量的文献，对领域有着相当了解的条件下才有可能洞察的。在你阅读领域的每一篇关键文献，应该试着将自己置身到那个时代，问问自己在那个环境下，你是否会想到做这样一个idea。这篇关键的工作，对于这个领域的突破在什么地方。多思考此类的问题，养成习惯。我想你在思考自己要开展的工作时，自然会从这个角度去构建你的课题。如果你在博士阶段基本达到了这第3个阶段，你应该是一名优秀的博士生，未来也一定会有所成就的。最后针对这三个阶段，我想说的是，每一个阶段都是需要你的坚持和努力，都不是轻而易举能够达到的。对于你这样一个刚刚进入课题组的小白来讲，需要适应实验室的规矩，内心里肯定也想尽快得到老师（也包括师兄师姐们）的认可。于你来讲，本科与研究生阶段的老师有着很大的不同。前者主要是任课老师，他或许都不一定记得你叫什么，或许你在老师心中也就是个学号而已，自然也不会太过在意这些老师对你的看法。但研究生就不一样了，尤其你还是至少5年的直博生涯。一旦你选定了老师，无论她好与不好，接下来的5年你要与之相处，重视程度可想而知。某种意义上来说，你与老师的关系，决定了你未来5年的学习与生活，甚至是你整个科研生涯是否能够继续下去的关键。那么，如何与老师相处呢？这是个很复杂的问题，因为每个老师的性格都有不同。但是我想，还是有一些基本的、共性的相处方式（极品老师除外，遇到这样的老师，那只有及时止损，我想你还不至于这么背）。于我的经历来讲，我硕博阶段的老师比较功利，对学生也比较push；博后阶段老师的学识很渊博，但性子很急，脾气也火爆。但我与两位老师相处的都很不错，应该是我所在课题组最好的那几个人之一。我想主要有三点原因：我到实验室后，会留心地观察哪位师兄师姐与老师相处融洽（至少是相对融洽），他们身上具备了哪些特点、与老师是什么样的相处方式。当然，你也要关注与老师相处不好的师兄师姐，他们有什么不好的习惯。有一点我要特别说明的是，再好的课题组，都会有不满意、消极的人在，你千万不要受他们的影响（当然我不是说不接触），而应该积极地与老师相处，是你唯一有利的方式。因为现实中只有你适应老师，没有她适应你的道理（当然，不排除有我一样的老师，呵呵）。因为老师于你，她是唯一；你于老师，只不过是众多学生中的一个而已。这样你就会从内心里理解她、尊重她，而这也是她能感受到的。例如，你现在的l老师，她来清华时间不长，踌躇满志，那她不可避免地会比较拼，也比较着急，至少在有些事情上是这样。但如果你看不到她的着急，而只看到了从容淡定，那我只能说内心很强大。此外，在清华这样的地方，再加上她曾经在h老师和国外顶尖的课题组待过的经历，她一定追求的是发cns档次的工作。而一般学生却往往觉得没必要一开始那么高的要求，甚至是以达到毕业要求为自己的目标。这样师生之间在要求上就有着天壤之别，产生矛盾就在所难免。学生会有自己尽力了，老师要求太高，不求实际之类的想法。但是我觉得，作为你，一定要从内心里理解老师这样的想法，一般的工作对于他们来讲，意义真的不大。好的工作，不仅对于老师，对于自己也是有着极大的好处，甚至会大于老师。千万不要想着，这是为了老师在努力，其实是为了你自己的未来。我见过太多的学生，只要老师不找他，他绝对不会主动找老师，有时更是绕着老师走。昨天和你说：“如果你实在做不到一天十几个小时的工作强度，你也要学会与老师猫捉老鼠……”我这里的“猫捉老鼠”并不是让你躲老师，而是让你被老师碰到、逮到的时间尽可能保证。比如，l老师给你一堆文献，你应该找机会当面请教她，讨论一下你看文献的方式对或是不对，她有没有建议或经验。一般来讲，老师不会讨厌主动与之接触的学生，尤其在当下学生总是避开老师的大环境下，老师从内心里更加渴望与她走得亲近的学生，这也是师生感情培养的主要途径。没有交流，哪来的感情。一段好的师生感情，不仅是你未来一段美好的回忆，更是你未来成长路上，坚实的依靠，非常重要。比如：我与我博后阶段的老师来讲，我只是他的博后，工作时间也就是2年，如何在这么短的时间与他建立深厚的师生感情，是我刚开始进到组里就在考虑的问题。为此，我做了两件事情：1，老师在实验室的时间，我尽量都在，休息则尽量选择他不在实验室的时间。像我，博后两年就几乎没有在周末放假，这是因为周末我老师都在实验室。2，我去旁听他给研究生上的课，为的是能下课后，从教学楼回实验室的那一段路，能有和老师独处的机会（这个时候老师走在路上其实很无聊，不会排斥有个学生在旁），当然也就更方便请教他问题，与之交流。正是因为我的“有心”，虽然只是2年的博后，但我与老师的感情却强过很多有5、6年的嫡传博士生，我与老师的彼此印象自然也非常好。当然，做这些事情的前提，你必须做好自己本分的事情，也就是你的课题。课题进展的好坏，依然是老师对你看法的根本所在，其它的只是“锦上添花”。应该说，时常与老师主动有效的沟通，至少是非常有利于自己课题的开展，不要仅仅和师兄师姐交流，毕竟老师有着更多经验，更高的学术品味。好了，嗦了这么多，手也敲累了。最后我想说：做好科研，你需要发自内心地喜欢、热爱，才能够长久地做下去，并最终将其转变成自己一生的事业，实现爱好与工作的相统一，这是件很幸福的事情。调整好自己的心态，找到自己适合的节奏，非常重要。如果你现在觉得状态不对，首先考虑的不是适应老师，而是取悦自己，让自己积极，自身积极才能积极与老师、与师兄师姐相处，开展好科研。另外，科研再忙，也别忘了生活，没有生活的科研不会长久，也不应该这样。祝好，叔叔坚信你一定可以过好你的博士生涯。yzhhlq_1983****，**2021年8月15日晚,写得真好，非常优秀,优秀的叔叔和侄女,写的太好了真的谢谢您！我觉得对于我们这种初入实验室本科生很有指导意义！,跟我硕导一个年龄
"?张勃实验室今年的直博名额是深圳湾实验室通过北大招生的名额，北大培养，北大的学位。张勃实验室今年有1个直博名额。?课题组简介 ?张勃博士为深圳湾实验室特聘研究员、北京大学深圳研究生院 tenure-track 助理教授/特聘研究员，课题组长，博士生导师。师从诺贝尔奖得主Thomas Sudhof教授。近 5 年来，张勃博士在Neuron, Molecular Psychiatry, Journal of Experimental Medicine, Journal of Neuroscience等领域顶级学术期刊上发表论文 9 篇，包括 3 篇独立通讯作者文章。实验室网站：。欢迎email垂询（）。?张勃实验室通过利用小鼠遗传学、电生理、分子/生化、荧光成像技术、动物行为学等多种研究手段，多层面（分离细胞、离体脑片、活体动物等）研究重大神经精神疾病（例如自闭症）的分子机理并积极探寻可能的药物靶点。我是实验室三年级的博士生，老师人真的非常好，生活和科研都能得到悉心的指导，科研经费也非常充足，实验室氛围也很好，就是没有广泛的招生平台，很多人不知道我们实验室，欢迎大家到我们实验室来感受感受。",好棒！药物分析出身
"中国科学院大学博士研究生工作单位：中国科学院深圳先进技术研究院脑所光学神经成像实验室单位介绍：2006年2月，中国科学院、深圳市人民政府及香港中文大学友好协商，在深圳市共同建立了中国科学院深圳先进技术研究院（以下简称“深圳先进院”）。经过十三年发展，深圳先进院目前已初步构建了集科研、教育、产业、资本为一体的微型协同创新生态系统，由九个研究平台（中国科学院香港中文大学深圳先进集成技术研究所、生物医学与健康工程研究所、先进计算与数字工程研究所、生物医药与技术研究所、广州中国科学院先进技术研究所、脑认知与脑疾病研究所、合成生物学研究所、先进材料科学与工程研究所、前瞻性科学与技术中心）、国科大深圳先进技术学院、多个特色产业育成基地（深圳龙华、平湖及上海嘉定）、多支产业发展基金、及多个具有独立法人资质的新型专业科研机构等组成。2018年，深圳先进院获批牵头建设深圳市两大重大科技基础设施：脑解析与脑模拟重大科技基础设施、合成生物研究重大科技基础设施，并于2019年在光明科学城破土动工；牵头建设的深圳先进电子材料国际创新研究院、深圳市合成生物学创新研究院、深港脑科学创新研究院三大基础研究机构均已在2019年正式揭牌成立。经过多年发展，深圳先进院现已拥有一支具有国际视野的导师队伍和博士后队伍，目前，已获批全国计算机科学与技术博士后科研流动站和生物学流动站。截止2020年6月，累计培养博士后825名博士后，在站人数达421人；中国科学基金获批人数蝉联三年中科院第一，居全国排名第16名；为服务地方企业培养优质青年，中科院先进院与48家企业合作建立“博士后产学研培养基地”，累计联合培养博士后191人。2018年11月16日，深圳市人民政府与中国科学院在深签署《合作共建中国科学院深圳理工大学协议书》，依托深圳先进院及中科院在粤科研力量建设中国科学院深圳理工大学（暂定名，简称“中科院深理工”）。深圳先进院将抓住粤港澳大湾区和中国特色社会主义先行示范区“双区驱动”的建设机遇，在改革热土上孜孜探索体制机制创新，不断冲击国际科学前沿，前瞻布局战略性新兴产业，不断多方位促进科教融合和创新发展。脑信息中心（Interdisciplinary Center for Brain Information, ICBI）依托深圳先进院与合肥微尺度物质科学国家研究中心建立，发展和应用在体光学显微成像技术、冷冻电子三维断层重构显微、VISoR高速三维同步扫描技术、高时空精度神经分泌的电生理与电化学检测和药物干预调控等跨学科创新技术，获取和分析脑神经系统的多尺度结构与活动的海量数据信息，揭示神经系统信息处理的机制和原理，进而启发新一代人工智能算法和脑疾病诊疗技术。课题组长简介：中国科学院深圳先进技术研究院副研究员。2014年博士毕业于加拿大蒙特利尔大学工学院，2015-2019年在美国哈佛大学医学院/麻省总医院做博士后研究员。课题组长期专注于生物医学光子学、神经光学、多光子显微成像、光学相干断层成像等成像技术的开发和脑科学方面的应用研究。【报名时间】博士研究生（毕业后将授予中国科学院大学博士学位）【报名时间】即日起至7月30日本周五中午12点前【报名条件】（1）中国大陆或港澳台国籍；（2）境外高校毕业的2020届或2021届本科毕业生；（3）本科毕业高校为泰晤士/QS排名前100；（4）GPA3.5分以上；（5）专业：生物医学工程、光学工程、神经生物学、电子信息、生物技术等其它相关理工科专业【申请方式】有意申请者可先初步咨询。咨询需提供个人简历（中英文均可，简历中应包括教育/研究经历、论文发表情况）和本科成绩单，发送至："
"学校简介哈尔滨工业大学（深圳）由哈尔滨工业大学（中国九校联盟（C9）成员、国家“985工程”、“211工程”高校）与深圳市政府合作共建，是“哈工大”建设世界一流大学的重要组成部分，具有国际一流的软硬件设施。学校网站：导师及团队史雷，哈尔滨工业大学（深圳）理学院教授，博士生导师。2005年6月于兰州大学化学化工学院获得博士学位，导师为涂永强院士。博士毕业之后，前往德国亚琛工业大学从事不对称催化研究，导师为Dieter Enders教授。2006年获得洪堡基金资助前往德国慕尼黑大学从事物理有机化学研究，导师为Herbert Mayr教授。2009年受欧盟玛丽居里基金资助前往英国牛津大学从事不对称催化研究，导师为Darren Dixon教授。2011年10月作为哈尔滨工业大学百人计划引进人才回国，2012年入选教育部“新世纪优秀人才支持计划”。2017年起担任哈尔滨工业大学（深圳）理学院教授，博导。至今，参与申请专利7项，其中3项已经获得授权，已在Chem. Soc. Rev., J. Am. Chem. Soc., Angew. Chem. Int. Ed.等国际著名学术刊物上发表学术论文50余篇，曾先后承担国家自然科学基金青年基金、国家自然科学基金面上基金、哈工大基础研究杰出人才“跃升”培育计划等项目。团队中现有博士9名，硕士3名。欲了解更多信息请关注课题组主页：研究方向1．有机合成反应研究及其在功能分子合成中的应用研究。2．基于氧化/还原策略的新试剂、新反应及机理研究。3．基于重要优势骨架的不对称催化合成研究。招生要求及制度需获得或即将获得化学专业的学士或硕士学位。对有机化学有强烈研究兴趣，并且有较好的英文听说及读写能力。硕士生通过推荐免试、硕士统考两种方式，报考时请注意选择哈工大深圳校区。博士生采取直博（具有推免资格的校内外优秀应届本科毕业生）、硕博连读（本校硕士一年级学生）、推荐攻博（本校应届毕业硕士生）、申请-考核制（大学或科研院所的应届或已毕业硕士），其中申请-考核制每年度进行两次，第一次在秋季学期进行，为面上招生。第二次在春季学期进行，为补充招生。2022年的博士生招生第一次“申请-考核”工作将于近期开始，具体请参考：申请方法请有意者将个人简历（包括个人基本情况、教育和工作经历、科研工作概述、论文发表情况或其他成果）发送至或。欢迎对有机化学感兴趣的本科生、研究生加入我们！",尴尬啊。其他c9已经不带哈工大玩了。北京落户，没有西交和哈工大,引用回帖:2楼: Originally posted by 永生奋斗 at 2021-07-19 14:19:21尴尬啊。其他c9已经不带哈工大玩了。北京落户，没有西交和哈工大 因为背景落户看世界排名前200，哈工大和西交不在前200，啥时候进前200了，自然就带了
女，本科211，本校直博。论文数量质量一般。感觉科研没啥意思，很难有自我肯定感。自己写的东西也挺水的。本人学习能力还是很强的，而且坐的住，算勤快。但是科研这些理工科探索类的对我还是太难了。我的天赋和兴趣还是过于平庸（就像以前高中数学课只是在被动的接受知识，参与感很少的感觉）。想着以后离开学术圈。我不想混日子，也不想咸鱼，还是想着每天能忙碌干点什么充实自己，可以自我肯定。不知道有没有推荐的工作，还是在通信范围内，（能偏向英语就更好了，我挺喜欢学语言，也有这方面天赋）,搞科研的确很难。一对工学博士进入双一流大学，既要抓教学，又要搞科研，还有一堆杂七杂八的活。三年了，房子顾不得装修，孩子顾不得生，天天高四，夜里一点多前没有休息过。仅仅是聘期任务就够喝一壶的了。大学收割青椒已经司空见惯。建议：千万不要去双一流大学，否则你会疯掉。因为非升即走折磨人。,不要读了，没有前途,还是综合考虑，能跟随内心就跟随内心选了
本科211，本校直博。已达到毕业要求。但是文章不多质量也很一般。当年年轻吧，选理科包括选择直博就是随大流，稀里糊涂的。（其实更擅长文科）。明后年毕业吧，感觉自己对科研兴趣也不大。算是勤快的人，但是天赋很低。对于就业，不想再搞科研，也不想混日子，想着能用上自己做的这个方向，但是可以结合文一点的工作，比如英语啦，写作啦之类的。不知道有没有推荐的工作。。,选调生 去走行政吧,选调生，现在事业编公务员很吃香。,可以去willy一些杂志,二本高校也可以只上课，不做科研，高职大专更是,考公，走选调，事业
Hi，同学，走过路过不要错过哈如果你是：1、仪器、测控、电子、光电、机械、物理等相关专业的可能具备推免资格应届生2、所在“双一流”建设高校或所在学科为“双一流”建设学科3、综合素质优秀，对自己有足够的信心如果你想：1、提升一下学校层次2、提升一下学科层次3、良好的发展前景（就业+读博+出国）4、加入优秀导师团队5、与优秀的同学为伍6、体会一下北国风光7、……可以考虑一下，给自己一个机会：为选拔优秀本科生到哈尔滨工业大学仪器科学与工程学院（简称仪器学院）继续深造，仪器学院将于2021年7月中下旬举办2022年优秀研究生生源（含直博生）选拔暑期夏令营。哈工大仪器科学与技术学科（简称“仪器学科”）是首批国家一级学科博士学位授权点、首批博士后流动站、首批国家重点一级学科。目前仪器学科设有精密仪器、智能感知工程和测控技术与仪器（国防特色专业）三个本科专业；建有超精密仪器及智能化工信部重点实验室、国防工业超精密加工技术研究应用中心、黑龙江省精密测量技术与仪器工程重点实验室、黑龙江省先进功能材料与声光仪器重点实验室、哈尔滨工业大学与中国计量科学研究院仪器科学与技术领域校企协同育人示范基地（工信部）等省部级平台。哈工大仪器学科在历次全国一级学科评估中均名列前茅；2017-2021年软科世界一流学科排名中，哈工大仪器学科连续五年位列世界第一。咨询电话：0451-86415857咨询QQ群：909766490（加群请注明：暑期夏令营-姓名）学院官网：学院官方公众号：“因斯图们”夏令营报名详情：欢迎转发
今年2月份投的，5月小修，6月接收。算是最近水逆的一丝安慰。也是我本科毕业前最后的礼物了。也希望自己的gap期间，可以发2篇好文章。为2022直博准备。,你跟的导师应该是邱羽老师吧，国内读博如果进院士组也是可以的，让邱老师把你推到西交何院士那去，对你以后发展会很棒的，不比出国差多少,请问一下小伙伴，你修改的邮件中有没有遇到主编提的一个EDITORS COMMENTS的小list。和下图似的。需要修改并逐条恢复吗
同济大学材料学院翟继卫教授课题组诚招硕博研究生特别欢迎直博生，拿到推免资格的学生，直博优先！1. 导师简介翟继卫，同济大学材料科学与工程学院教授，博士生导师、副院长。1984年7月本科毕业于新疆大学物理系物理专业，1987年7月硕士毕业于中国科学技术大学物理系固体物理专业，1997年12月博士毕业于西安交通大学电子与信息工程学院电子材料与元器件专业。1987年7月至1994年9月，任中国科学院新疆物理研究所助理研究员、副研究员。1998年1月至1999年12月，在同济大学功能材料研究所从事博士后研究。2000年1月加入同济大学功能材料研究所，2000年7月起任同济大学教授、博士生导师。1994年获中国科学院首批“西部之光”计划资助，2004年入选教育部新世纪优秀人才计划（NCET-04-0378），2005年入选上海市浦江人才计划（05PJ14094）。2001年9月至2011年，与香港城市大学City University of Hong Kong物理学与材料科学系开展为期10年的合作研究。2012年4月至7月赴美国科罗拉多州立大学Colorado State University物理系进行学术交流。2013年至今与澳门大学University of Macau建立开展科研合作。2000年、2001年、2003年及2015年的3月至6月各指导1名本科生进行毕业设计（论文），其中两名学生的毕业设计（论文）获当年度校优秀毕业设计（论文）。指导的博士研究生已毕业21名，其中6名学生获同济大学优秀博士学位论文。指导的硕士研究生已毕业23名。有46人次获得各类面向研究生的奖学金及奖励。2003年以来负责科研项目20余项，包括973计划子课题3项、863计划子课题1项、国家自然科学基金项目5项、教育部项目5项、上海市项目5项、“十二五”国家科技计划1项等。在国际学术刊物上发表研究论文390篇，379篇己被SCI收录，3200余篇次被引用。获得中国发明专利授权77项。在学术会议担任分会主席及作邀请报告60余次。在研项目包括：国家自然科学基金面上项目（61474083）、国家自然科学基金重点项目（51332003），教育部博士点基金-优先发展领域课题(No. 20120072130001)，科技部“973”课题（2015CB654601）;详情请登录课题组网页：2. 研究方向（1）电介质储能材料与器件（2）铁电、压电陶瓷与薄膜材料（3）半导体合金薄膜相变存储器3.待遇：硕、博生全部免除学费，生活补贴硕士生1200元/月，博士生2600元/月。另根据个人科研情况发放科研奖励。课题组科研经费充足、科研设备齐全、科研氛围浓厚，学生就业前景较好。热情欢迎有科研志向的硕士（包括直博生）加入课题组。4. 有意向报考2021年研究生的现在可联系。5. 联系方式：Tel：13122389697；E-mail:（联系时请注明在小木虫上查找）同济大学材料科学与工程学院2021年暑期学校招生通知暑期学校将于2021年7月9日-7月11日举行。本次夏令营活动将以线上的方式进行。报考条件等信息请参照同济大学2021年招收攻读博士学位研究生招生简章同济大学2021年招收攻读硕士学位研究生招生简章
同济大学材料学院翟继卫教授课题组2021年诚招硕博研究生特别欢迎直博生，拿到推免资格的学生，直博优先！1. 导师简介翟继卫，同济大学材料科学与工程学院教授，博士生导师、副院长。1984年7月本科毕业于新疆大学物理系物理专业，1987年7月硕士毕业于中国科学技术大学物理系固体物理专业，1997年12月博士毕业于西安交通大学电子与信息工程学院电子材料与元器件专业。1987年7月至1994年9月，任中国科学院新疆物理研究所助理研究员、副研究员。1998年1月至1999年12月，在同济大学功能材料研究所从事博士后研究。2000年1月加入同济大学功能材料研究所，2000年7月起任同济大学教授、博士生导师。1994年获中国科学院首批“西部之光”计划资助，2004年入选教育部新世纪优秀人才计划（NCET-04-0378），2005年入选上海市浦江人才计划（05PJ14094）。2001年9月至2011年，与香港城市大学City University of Hong Kong物理学与材料科学系开展为期10年的合作研究。2012年4月至7月赴美国科罗拉多州立大学Colorado State University物理系进行学术交流。2013年至今与澳门大学University of Macau建立开展科研合作。2000年、2001年、2003年及2015年的3月至6月各指导1名本科生进行毕业设计（论文），其中两名学生的毕业设计（论文）获当年度校优秀毕业设计（论文）。指导的博士研究生已毕业21名，其中6名学生获同济大学优秀博士学位论文。指导的硕士研究生已毕业23名。有46人次获得各类面向研究生的奖学金及奖励。2003年以来负责科研项目20余项，包括973计划子课题3项、863计划子课题1项、国家自然科学基金项目5项、教育部项目5项、上海市项目5项、“十二五”国家科技计划1项等。在国际学术刊物上发表研究论文390篇，379篇己被SCI收录，3200余篇次被引用。获得中国发明专利授权77项。在学术会议担任分会主席及作邀请报告60余次。在研项目包括：国家自然科学基金面上项目（61474083）、国家自然科学基金重点项目（51332003），教育部博士点基金-优先发展领域课题(No. 20120072130001)，科技部“973”课题（2015CB654601）;详情请登录课题组网页：2. 研究方向（1）电介质储能材料与器件（2）铁电、压电陶瓷与薄膜材料（3）半导体合金薄膜相变存储器3.待遇：硕、博生全部免除学费，生活补贴硕士生1200元/月，博士生2600元/月。另根据个人科研情况发放科研奖励。课题组科研经费充足、科研设备齐全、科研氛围浓厚，学生就业前景较好。热情欢迎有科研志向的硕士（包括直博生）加入课题组。4. 有意向报考2021年研究生的现在可联系。5. 联系方式：Tel：13122389697；E-mail:（联系时请注明在小木虫上查找）同济大学材料科学与工程学院2021年暑期学校招生通知暑期学校将于2021年7月9日-7月11日举行。本次夏令营活动将以线上的方式进行。,博士报考的要求麻烦说说啊
2021年我即将毕业。可惜一个offer都没拿到。先介绍一下我的情况吧。男，本科，中南大学工程热物理方向。托福109。有参与与发表了过2篇的SCI，还有一片appliedEnergy处于 Under review。有过几项专利和软著。以及零零碎碎的竞赛奖励或者是荣誉。我当初是奔着直博的目的去的。所以我大三就进入课题组，从事相关的科研，主要做仿真。可惜 疫情期间，美国让我彻底的丧失了想去的想法，转向欧洲，结果欧洲那里不招收本科直博。同时我也错过了保研的时机。家里条件一般，像那种一年制的硕士硕士都读不起。不过我也不需要通过这种是硕士来去镀金，所以说我是直接走直博的路线。当然我的能力也不是很强，但是我知道我的本科生只能决定我的这样子的下限，但是我的博士会让下限提高。有的时候我很懊悔我所学的专业，望着身边的同学，年薪30，40万。我内心深入的，深深的迷茫与焦虑。我曾经也很优秀。只是选错的道路。但是我依然认为在我满足我目前的物质的状况下，我应该有更高的精神追求。所以说金融和互联网我还是不准备碰。毕竟我可能进去会把我之前的所有成就一概磨灭，我输不起。唉，我未来的打算，还是走海外的博士，目前基本去香校去读博。看自己的成就吧。如果真正的发现了或者是遇到一个良师的话，我可能再去欧洲读个博后冲一冲优青。否则如果自己没有科研天赋的话，就拿完博士回国进体制，当一个吉祥物。有的时候我在想人追求的到底是什么？后来我又突然明白了，每个人对美好生活的向往是不一样的。高薪，安稳，体面，快乐这些不可能在仅仅依靠我一个人就能完成的，这可能需要一个家族的力量，而我并没有这个家族的力量。那么如果让我选择的话，我会选择价值。人活在世不一定非要为了卷，而你死我活。我认为卷应该是个良性的进步，而并非是一种恶性的竞争。当然我的想法也可能很稚嫩。我还是目前仅仅以读博为我主要的选择。我估计7月份之前应该能再搞出我的一片一作的sci这个可是我攒了一年的数据，准备静下心来好好学习。8月份9月份准备再去套套词，同时也准备进一个课题组去学习一些相关的实验操作。我深知我的不足，我目前最大的短板就是第一没有一篇top的一作，同时我的编程能力比较差，而且由于我之前做的都是以仿真为主，所以说对于一些实验部分，我的动手能力我还不知道强不强可能是那种只会搞理论的，哈哈。不说了，2021对我来说很不友好，但是我依然很感激在这一年我所学到的。希望2022的申请，我可以拿到心仪的offer。也希望有相关的博导捞我，我目前的心情已经变了，就希望能在博士期间往死里发论文。真的对于一个博士来说，论文才是他的一切。谈情怀，要先保住我的未来。所以我对你绝对是一个很不错的选择。,要有信心，瘦死的骆驼比马大，我就是博士但是都没有办法和你比较！,我倒是很好奇为什么导师让专利不让论文,引用回帖:44楼: Originally posted by xuyucong at 2021-05-31 08:19:38唉，我的那一篇applied energy还在审。而且我准备在今年7月份好好静心，把我攒了这一年的数据全部用上，发篇好的论文。我也知道自己没有Top期刊，真的优势很低。所以说准备2022年再好好去用心去申请。... 国内硕士也不错的，进了硕士再硕博连读，时间和直博差不多的,专利有那么一两个就够了，评职称还是看论文,你的背景挺好的，就是本科想直博，没有一作难度稍微大了一点。如果静下心读个硕士，以你的能力，一步步来，前途一片光明
博士延毕师兄终于毕业了！他默默给师门留下了一封灵魂劝诫信…诸位门神：见字如面，先略微解释一下，为啥是诸位门神而不是门内诸神，这是有典故的。还记得，最后一次师门扩大会议，会上导师意味深长的说，小黄啊，五年了，再不毕业你是要当我师门的守门神吗？后面诸多弟子都在等着毕业……哈哈哈，风水轮流转，如今该轮到你们了。为了避免你们重蹈我的覆辙，顺利毕业和脱单。这里有100条读博避坑指南，都是我五年来一个坑一个坑踩出来的。请师弟们务必谨记在心！活学活用！1. 在外一定要维护导师的面子。遇到外面的老师夸你，你就报导师名字，遇到老师骂你，就报隔壁导师名字，千万不要把导师供出去。2. 要时刻牢记实验室带磁的仪器。有一回，实验室磁力搅拌子不小心吸到导师手上的金戒指上，导师并没有生气，但是严重警告我们：你们师娘来实验室的时候，凡是带磁性的东西统统离你师娘的金戒指，金项链远一点。3. 参加会议时，要提前查询相关学者学术成果，并提出若干问题，若不会提问，可多想一想赞美之词。总之，气质这一块，不能输给别人家，一定要拿捏得死死的。4. 赞美之词要平时多储备，千万别到用时方恨少：如开了XX先河，填补了XX领域空白等。5. 参加学术会议时，听不懂不要紧，自助餐也可以随便吃，但茶歇一定要悠着点，不要牛饮咖啡，最后一个三明治不要抢，留给其他学者，不能让导师仅存的颜面尽失。6. 千万不要在手机通讯录或者微信上随便给导师取外号。有一次导师手机找不到了，拿我手机打他电话，看到了手机上的 “ 二货老板 ” ……后来场面一度失去控制，我差点当场离开这个美丽的世界。7. 如果惹导师生气了，千万不要顶嘴。要配合导师，找一个舒服点的挨骂体位，再摆出一副死猪不怕开水烫的脸面。等导师骂舒服了，也到饭点了，说不定带你去吃个自助餐，顺便给你交流一些学术上的经验。一顿骂换一顿自助餐，灵魂上的拷打怎么比得上肉体上的满足，这波绝对不亏！后来导师都不舍得骂我了：干啥啥不行，吃饭第一名！8. 平时要多努力搞好学习，奖学金能拿则一定要拿！不拿白不拿，拿了也白拿。兵法有云：兵马未动粮草先行，谈恋爱是个耗粮大户。上一次，一位师兄拿了8000大洋的奖学金，我们想让他主动请客，故意问：你打算怎么花？他紧张的说：先把花呗的钱还一还。又问：剩下的呢？答曰：剩下的…慢慢还！9. 平时一定要锻炼酒量！酒量！酒量！没事跟同学出去喝几盅。导师肝不好，不仅可以在必要的时候为导师挡酒，撩妹的时候也能用上！还记得那个夏天的那个七夕美好的夜晚，导师心疼我们放了半天加1晚的假。我准备浪漫一把，约了刚好不久的文学院东北学妹出去撸串，我喝了8瓶就不行了，她吹了10瓶再加半斤白的都还生龙活虎……最后是1米83的她背着1米75的我回来的，回来要跟我提分手，问她理由，委婉的说我给不了她安全感。我就不服了，借着酒劲给她打电话，跟她讲了一夜的道理：你不醉我怎么有机会保护你……第二天醒来发现，通话时间只有2分01秒……从此，这座城多了一个伤心的人。后来，我一度消沉，对喝酒有了阴影。一师弟劝我，看开点，鲜花往往不属于赏花的人，而属于牛粪，你又不是牛粪，对吧。再说了，情场失意，别的场得意啊。塞翁失蹄焉知非福，说不定论文百发百中也未可知！我深以为然，决定发愤图强，博三一年内连投3篇论文，果然百发百拒，最让人气不过的是审稿人的意见：“The writing and data presentation are so bad that I had to leave work and go home early and then spend time to wonder what life is about”，“You should look closely at a career outside of scinece”，太可恶了，你自己看不懂怀疑人生也就算了，竟然建议我退出学术界……终于，我的博士顺利延期！而学妹一年后发C，毕业，工作，生孩子，嫁人一气呵成！唉，不提也罢……10. 平时要多主动联系导师，说不定还可以提升口语水平。有一次我把熬夜写的3万字自以为完美综述美滋滋的拿给导师看，导师高兴兴的翻了一遍，寻思半晌：you happy jiu ok！我的心情瞬间爆炸：就像是失去神经，我感觉不到呼吸，连空气都要窒息why why i love you so……11. 导师怕我一时承受不住，开导我，其实你的能力还是有的，是不是因为感情受挫？其实一无所有并不可怕，可怕的是得到后再失去。我传授给你一点经验。（备注：虽然我暂时没用上，但我深以为然，传承给学弟们）首先要有爱心，女孩子最喜欢有爱心的男生。比如扶老太太过马路。我们那个年代，一到六一儿童节，老太太都不够用。有一次，我跟你师娘逛街，当时还没牵手，一位老太太刚从马路对面过来，又把她扶过去了，老太太很感动，差点要报警。你师娘以为老太太要碰瓷，拉着我的手就跑，就酱，牵手成功……其次，有时候女孩提分手其实是一场考验，你要学会哄人。一般男生都会买好吃的零食和花去赔罪。会说话的再说一些甜言蜜语：你这么好，分什么手啊……之类的。而直男只会跟女孩子讲道理，往往结果就是赢了道理，输了爱情。再次，如果遇到对方二选一的灵魂拷问，比如我和你导师掉水里你先救谁，你可以拍拍胸脯有底气的告诉她，为师会游泳！（送分题）最后，再遇到不要车不要房还愿意跟你在一起的女孩要好好珍惜，眼瞎的女孩已经不多了。12. 平时心态也要乐观，多读读《悲惨的世界》《普罗米修斯》《红楼梦》，提升抗压能力。不要一写不出论文就不开心，不要一不开心就上楼顶吹吹风，更不要发朋友圈：天台好冷！13. 对于导师突然的关怀要习惯成自然，尽管导师的电话总是像蓝天白云，晴空万里，突然暴风雨，无处躲避，总是让人，始料不及。有一次发烧好几天不退，一直迷迷糊糊，半夜突然接到导师问候短信，直接哆嗦出一身冷汗，比退烧药都猛！14. 论文一定要早点写完交给导师，这样痛苦就成功转移给导师了。实在不会写，参考文献要选好。要让导师起码还能找到能夸你的地方：论文写的不咋地，参考文献是真的好！15. 千万不要把论文带到导师家里去，有可能会影响导师夫妻生活的和谐。听说隔壁院的小学妹就这么干了。女导师在书房说论文，小学妹顺脸淌汗，委屈巴巴。师公在客厅焦急踱步。学妹走后，女导师跟师公干了一架，把气全撒师公头上了。16. 要好好呵护头发，毕竟，岁月流逝，容颜不再，能伴随你的也就只有头发了。首先不要熬夜，其次要早晚护理。直到现在，我的头发还是那么的桀骜与不驯。17. 无论什么时候都要胆大，心细，脸皮厚。这个世界就是撑死胆大的饿死胆小的，凡事学会主动，遇到精品文章要及时转发分享到朋友圈，发到师门群里，不要总想着导师主动看到并发给你，要体谅导师，导师很忙的。18. 最后一条，爱护博士，关爱导师，人人有责！轻轻的我走了，正如我轻轻地来我挥一挥衣袖，不带走一个学妹勿念！（文中的洋文 不知道你们懂不懂，反正我不懂！）,写的挺好的，遇到这样的导师也是,哈哈哈，你师兄是个人才
